0, 0, 0
11, 11, 3
23, 23, 7
34, 34, 10
46, 46, 14
57, 57, 17
69, 69, 21
80, 80, 24
92, 92, 28
103, 103, 31
115, 115, 35
126, 126, 38
138, 138, 42
149, 149, 45
161, 161, 49
172, 172, 52
184, 184, 56
195, 195, 59
207, 207, 63
218, 218, 66
230, 230, 70
241, 241, 73
253, 253, 77
264, 264, 80
276, 276, 84
287, 287, 87
299, 299, 91
310, 310, 94
322, 322, 98
333, 333, 101
345, 345, 105
356, 356, 108
368, 368, 112
380, 380, 115
391, 391, 119
403, 403, 122
414, 414, 126
426, 426, 129
437, 437, 133
449, 449, 136
460, 460, 140
472, 472, 143
483, 483, 147
495, 495, 150
506, 506, 154
518, 518, 157
529, 529, 161
541, 541, 164
552, 552, 168
564, 564, 171
575, 575, 175
587, 587, 178
598, 598, 182
610, 610, 185
621, 621, 189
633, 633, 192
644, 644, 196
656, 656, 199
667, 667, 203
679, 679, 206
690, 690, 210
702, 702, 213
713, 713, 217
725, 725, 220
737, 737, 224
748, 748, 227
760, 760, 231
771, 771, 234
783, 783, 238
794, 794, 241
806, 806, 245
817, 817, 248
829, 829, 252
840, 840, 255
852, 852, 259
863, 863, 262
875, 875, 266
886, 886, 269
898, 898, 273
909, 909, 276
920, 921, 280
932, 932, 283
943, 944, 287
955, 955, 290
966, 966, 294
978, 978, 297
989, 989, 301
1001, 1001, 304
1012, 1012, 308
1024, 1024, 311
1035, 1035, 315
1047, 1047, 318
1058, 1058, 322
1070, 1070, 325
1081, 1081, 329
1093, 1093, 332
1104, 1104, 336
1116, 1116, 339
1127, 1127, 343
1139, 1139, 346
1150, 1150, 350
1162, 1162, 353
1173, 1173, 357
1185, 1185, 360
1196, 1196, 364
1208, 1208, 367
1219, 1219, 371
1231, 1231, 374
1242, 1242, 378
1254, 1254, 381
1265, 1265, 385
1277, 1277, 388
1288, 1288, 392
1300, 1300, 395
1311, 1311, 399
1323, 1323, 402
1334, 1334, 406
1346, 1346, 409
1357, 1357, 413
1369, 1369, 416
1380, 1380, 420
1392, 1392, 423
1403, 1403, 427
1415, 1415, 430
1426, 1426, 434
1438, 1438, 437
1449, 1449, 441
1461, 1461, 444
1473, 1473, 448
1484, 1484, 452
1496, 1496, 457
1508, 1508, 464
1521, 1520, 471
1533, 1532, 480
1546, 1544, 490
1559, 1557, 501
1572, 1569, 514
1585, 1582, 527
1599, 1594, 541
1612, 1607, 556
1626, 1620, 572
1640, 1633, 589
1654, 1646, 607
1669, 1660, 625
1683, 1673, 645
1698, 1687, 665
1713, 1700, 686
1727, 1714, 707
1742, 1727, 729
1758, 1741, 752
1773, 1755, 776
1788, 1769, 799
1803, 1783, 824
1819, 1797, 849
1835, 1811, 874
1850, 1826, 900
1866, 1840, 926
1882, 1854, 953
1898, 1869, 980
1914, 1883, 1007
1930, 1898, 1035
1946, 1912, 1062
1962, 1927, 1090
1978, 1941, 1118
1994, 1956, 1147
2010, 1971, 1175
2026, 1985, 1203
2043, 2000, 1232
2059, 2015, 1260
2075, 2030, 1289
2091, 2045, 1317
2107, 2059, 1345
2123, 2074, 1373
2140, 2089, 1401
2156, 2104, 1429
2172, 2119, 1456
2188, 2134, 1484
2204, 2149, 1511
2220, 2163, 1537
2235, 2178, 1564
2251, 2193, 1589
2267, 2208, 1615
2283, 2223, 1640
2298, 2238, 1664
2314, 2252, 1688
2329, 2267, 1712
2344, 2282, 1735
2359, 2297, 1757
2375, 2311, 1778
2389, 2326, 1799
2404, 2340, 1819
2419, 2355, 1839
2434, 2370, 1858
2448, 2384, 1876
2462, 2398, 1894
2476, 2413, 1912
2490, 2427, 1930
2504, 2441, 1948
2518, 2455, 1966
2532, 2470, 1984
2546, 2484, 2002
2559, 2498, 2020
2573, 2512, 2038
2586, 2526, 2056
2600, 2540, 2073
2613, 2554, 2091
2626, 2568, 2109
2640, 2582, 2127
2653, 2596, 2145
2666, 2610, 2162
2679, 2624, 2180
2692, 2638, 2198
2705, 2652, 2215
2718, 2666, 2233
2731, 2680, 2251
2744, 2694, 2269
2757, 2708, 2286
2770, 2722, 2304
2783, 2736, 2322
2796, 2750, 2339
2809, 2764, 2357
2822, 2779, 2375
2835, 2793, 2392
2849, 2807, 2410
2862, 2822, 2428
2875, 2836, 2445
2888, 2851, 2463
2901, 2865, 2481
2915, 2880, 2499
2928, 2894, 2516
2941, 2909, 2534
2955, 2924, 2552
2969, 2939, 2570
2982, 2954, 2588
2996, 2969, 2606
3010, 2984, 2624
3024, 2999, 2642
3038, 3015, 2660
3052, 3030, 2678
3066, 3046, 2696
3081, 3062, 2714
3095, 3077, 2732
3110, 3093, 2750
3125, 3109, 2768
3139, 3126, 2787
3154, 3142, 2805
3170, 3158, 2823
3185, 3175, 2842
3200, 3192, 2860
3216, 3208, 2879
3232, 3225, 2898
3248, 3242, 2916
3264, 3260, 2935
3280, 3277, 2954
3297, 3295, 2973
3314, 3313, 2992
3331, 3331, 3011
3348, 3349, 3030
3365, 3367, 3049
3382, 3385, 3068
3399, 3403, 3087
3416, 3421, 3106
3433, 3439, 3125
3450, 3457, 3144
3467, 3475, 3163
3484, 3493, 3182
3501, 3511, 3201
3518, 3529, 3220
3535, 3547, 3239
3552, 3565, 3258
3569, 3583, 3277
3586, 3601, 3296
3603, 3619, 3315
3620, 3637, 3334
3637, 3655, 3353
3654, 3673, 3372
3671, 3691, 3391
3688, 3709, 3410
3705, 3727, 3429
3722, 3745, 3448
3739, 3763, 3467
3756, 3781, 3486
3773, 3799, 3505
3790, 3817, 3524
3807, 3835, 3543
3824, 3853, 3562
3841, 3871, 3581
3858, 3889, 3600
3875, 3907, 3619
3892, 3925, 3638
3909, 3943, 3657
3926, 3961, 3676
3943, 3979, 3695
3960, 3997, 3714
3977, 4015, 3733
3994, 4033, 3752
4011, 4051, 3771
4028, 4069, 3790
4045, 4087, 3809
4062, 4105, 3828
4079, 4123, 3847
4096, 4141, 3866
4113, 4159, 3885
4130, 4177, 3904
4147, 4195, 3923
4164, 4213, 3942
4181, 4231, 3961
4198, 4249, 3980
4215, 4267, 3999
4232, 4285, 4018
4249, 4303, 4037
4266, 4321, 4056
4283, 4339, 4075
4300, 4357, 4094
4317, 4375, 4113
4334, 4393, 4132
4351, 4411, 4151
4368, 4429, 4170
4385, 4447, 4189
4402, 4465, 4208
4420, 4484, 4228
4437, 4502, 4247
4454, 4520, 4266
4471, 4538, 4285
4488, 4556, 4304
4505, 4574, 4323
4522, 4592, 4342
4539, 4610, 4361
4556, 4628, 4380
4573, 4646, 4399
4590, 4664, 4418
4607, 4682, 4437
4624, 4700, 4456
4641, 4718, 4475
4658, 4736, 4494
4675, 4754, 4513
4692, 4772, 4532
4709, 4790, 4551
4726, 4808, 4570
4743, 4826, 4589
4760, 4844, 4608
4777, 4862, 4627
4794, 4880, 4646
4811, 4898, 4665
4828, 4916, 4684
4845, 4934, 4703
4862, 4952, 4722
4879, 4970, 4741
4896, 4988, 4760
4913, 5006, 4779
4930, 5024, 4798
4947, 5042, 4817
4964, 5060, 4836
4981, 5078, 4855
4998, 5096, 4874
5015, 5114, 4893
5032, 5132, 4912
5049, 5150, 4931
5066, 5168, 4950
5083, 5186, 4969
5100, 5204, 4988
5117, 5222, 5007
5134, 5240, 5026
5151, 5258, 5045
5168, 5276, 5064
5185, 5294, 5083
5202, 5312, 5102
5219, 5330, 5121
5236, 5348, 5140
5253, 5366, 5159
5270, 5384, 5178
5287, 5402, 5197
5304, 5420, 5216
5321, 5438, 5235
5338, 5456, 5254
5355, 5474, 5273
5372, 5492, 5292
5389, 5510, 5311
5406, 5528, 5330
5423, 5546, 5349
5440, 5564, 5368
5457, 5582, 5387
5474, 5600, 5406
5491, 5618, 5425
5509, 5637, 5445
5526, 5655, 5464
5543, 5673, 5483
5561, 5691, 5502
5579, 5710, 5522
5597, 5728, 5541
5615, 5747, 5561
5634, 5766, 5581
5652, 5785, 5601
5671, 5804, 5621
5690, 5823, 5642
5710, 5843, 5662
5729, 5862, 5682
5749, 5882, 5703
5769, 5901, 5724
5789, 5921, 5744
5809, 5941, 5765
5829, 5961, 5786
5849, 5981, 5807
5870, 6001, 5828
5890, 6021, 5850
5911, 6041, 5871
5932, 6061, 5892
5953, 6082, 5913
5974, 6102, 5935
5995, 6123, 5956
6016, 6143, 5978
6037, 6164, 5999
6058, 6184, 6021
6080, 6205, 6043
6101, 6225, 6064
6122, 6246, 6086
6143, 6267, 6108
6165, 6288, 6130
6186, 6308, 6151
6208, 6329, 6173
6229, 6350, 6195
6250, 6371, 6217
6272, 6391, 6238
6293, 6412, 6260
6314, 6433, 6282
6335, 6454, 6304
6356, 6474, 6325
6377, 6495, 6347
6398, 6516, 6369
6419, 6536, 6391
6440, 6557, 6412
6461, 6578, 6434
6481, 6598, 6455
6502, 6619, 6477
6522, 6639, 6498
6542, 6659, 6520
6563, 6680, 6541
6583, 6700, 6562
6602, 6720, 6583
6622, 6741, 6604
6641, 6761, 6625
6661, 6781, 6646
6680, 6801, 6667
6699, 6821, 6688
6718, 6840, 6709
6736, 6860, 6729
6755, 6880, 6750
6773, 6899, 6770
6791, 6919, 6791
6808, 6938, 6811
6826, 6957, 6831
6844, 6976, 6851
6861, 6996, 6872
6879, 7015, 6892
6896, 7034, 6912
6913, 7054, 6932
6931, 7073, 6953
6948, 7092, 6973
6965, 7111, 6993
6983, 7131, 7013
7000, 7150, 7034
7017, 7169, 7054
7034, 7188, 7074
7051, 7207, 7094
7068, 7227, 7115
7085, 7246, 7135
7102, 7265, 7155
7119, 7284, 7175
7136, 7303, 7195
7153, 7322, 7215
7170, 7341, 7235
7187, 7360, 7255
7203, 7379, 7275
7220, 7399, 7295
7237, 7418, 7315
7254, 7437, 7335
7271, 7456, 7354
7287, 7475, 7374
7304, 7494, 7394
7321, 7513, 7413
7338, 7532, 7433
7354, 7551, 7452
7371, 7570, 7471
7388, 7589, 7491
7404, 7608, 7510
7421, 7627, 7529
7438, 7646, 7548
7455, 7664, 7567
7471, 7683, 7586
7488, 7702, 7605
7505, 7721, 7624
7522, 7740, 7642
7538, 7759, 7661
7555, 7778, 7679
7572, 7797, 7698
7589, 7816, 7716
7606, 7835, 7734
7623, 7853, 7752
7639, 7872, 7770
7656, 7891, 7788
7673, 7910, 7805
7690, 7929, 7823
7707, 7948, 7840
7724, 7966, 7858
7741, 7985, 7875
7759, 8004, 7892
7776, 8023, 7909
7793, 8042, 7926
7810, 8060, 7942
7827, 8079, 7959
7845, 8098, 7975
7862, 8117, 7991
7880, 8136, 8008
7897, 8154, 8024
7915, 8173, 8040
7933, 8192, 8056
7950, 8210, 8072
7969, 8229, 8088
7987, 8248, 8104
8005, 8266, 8120
8024, 8285, 8136
8042, 8304, 8152
8061, 8322, 8168
8080, 8341, 8184
8098, 8359, 8200
8117, 8378, 8216
8136, 8396, 8232
8155, 8415, 8248
8174, 8433, 8264
8194, 8452, 8280
8213, 8470, 8296
8232, 8489, 8312
8251, 8507, 8328
8271, 8526, 8344
8290, 8544, 8360
8309, 8562, 8376
8329, 8581, 8392
8348, 8599, 8408
8367, 8617, 8424
8387, 8635, 8440
8406, 8653, 8456
8425, 8672, 8472
8445, 8690, 8488
8464, 8708, 8504
8483, 8726, 8520
8502, 8744, 8536
8521, 8762, 8552
8540, 8780, 8568
8559, 8798, 8584
8578, 8816, 8600
8597, 8834, 8616
8615, 8852, 8632
8634, 8870, 8648
8652, 8888, 8664
8671, 8905, 8680
8689, 8923, 8696
8707, 8941, 8712
8725, 8959, 8728
8743, 8976, 8744
8760, 8994, 8760
8778, 9011, 8776
8795, 9029, 8792
8813, 9047, 8808
8830, 9064, 8824
8846, 9082, 8840
8863, 9099, 8856
8880, 9116, 8872
8896, 9134, 8888
8912, 9151, 8904
8928, 9168, 8920
8944, 9186, 8936
8959, 9203, 8952
8974, 9220, 8968
8989, 9237, 8984
9004, 9254, 9000
9018, 9271, 9016
9033, 9289, 9033
9047, 9305, 9049
9061, 9322, 9065
9075, 9339, 9081
9089, 9356, 9097
9103, 9372, 9113
9117, 9389, 9129
9131, 9405, 9145
9145, 9422, 9161
9159, 9438, 9177
9173, 9454, 9193
9187, 9470, 9209
9201, 9486, 9225
9215, 9502, 9241
9229, 9518, 9257
9243, 9534, 9273
9257, 9549, 9289
9271, 9565, 9305
9285, 9580, 9321
9299, 9596, 9337
9313, 9611, 9353
9327, 9627, 9369
9341, 9642, 9385
9355, 9657, 9401
9370, 9672, 9417
9384, 9688, 9433
9398, 9703, 9449
9412, 9718, 9465
9426, 9733, 9481
9440, 9747, 9497
9454, 9762, 9513
9468, 9777, 9529
9482, 9792, 9545
9496, 9807, 9561
9510, 9821, 9577
9524, 9836, 9593
9538, 9850, 9609
9552, 9865, 9625
9566, 9879, 9641
9580, 9894, 9657
9594, 9908, 9673
9608, 9923, 9689
9622, 9937, 9705
9636, 9952, 9721
9650, 9966, 9737
9664, 9980, 9753
9678, 9994, 9769
9692, 10009, 9785
9706, 10023, 9801
9720, 10037, 9817
9734, 10051, 9833
9747, 10066, 9849
9761, 10080, 9865
9775, 10094, 9881
9789, 10108, 9897
9803, 10122, 9913
9817, 10136, 9929
9831, 10151, 9945
9845, 10165, 9961
9859, 10179, 9977
9873, 10193, 9993
9887, 10207, 10009
9901, 10221, 10025
9915, 10235, 10041
9930, 10250, 10058
9944, 10264, 10073
9958, 10278, 10089
9972, 10291, 10104
9986, 10305, 10119
10000, 10319, 10133
10014, 10332, 10148
10028, 10346, 10162
10042, 10359, 10175
10056, 10372, 10189
10070, 10386, 10202
10084, 10399, 10215
10098, 10412, 10227
10112, 10425, 10240
10126, 10438, 10252
10140, 10450, 10264
10154, 10463, 10276
10168, 10476, 10287
10182, 10489, 10299
10196, 10501, 10310
10209, 10514, 10321
10223, 10526, 10332
10237, 10539, 10343
10251, 10551, 10354
10265, 10564, 10364
10279, 10576, 10375
10293, 10588, 10385
10307, 10601, 10396
10321, 10613, 10406
10335, 10625, 10416
10349, 10638, 10426
10363, 10650, 10437
10377, 10662, 10447
10391, 10675, 10457
10405, 10687, 10467
10419, 10699, 10477
10433, 10712, 10488
10447, 10724, 10498
10461, 10737, 10508
10475, 10749, 10518
10489, 10762, 10529
10503, 10774, 10539
10517, 10787, 10550
10531, 10799, 10560
10545, 10812, 10571
10559, 10825, 10582
10573, 10837, 10593
10587, 10850, 10604
10601, 10863, 10615
10615, 10876, 10627
10629, 10889, 10638
10643, 10902, 10650
10657, 10916, 10662
10671, 10929, 10675
10685, 10942, 10687
10699, 10956, 10700
10713, 10970, 10713
10727, 10983, 10726
10741, 10997, 10739
10755, 11011, 10753
10769, 11025, 10767
10783, 11039, 10781
10797, 11054, 10795
10811, 11068, 10810
10826, 11083, 10826
10840, 11097, 10841
10854, 11112, 10856
10869, 11127, 10872
10883, 11142, 10888
10898, 11158, 10904
10913, 11173, 10920
10929, 11189, 10936
10944, 11205, 10953
10960, 11221, 10969
10976, 11237, 10985
10992, 11254, 11002
11008, 11270, 11019
11024, 11287, 11036
11041, 11303, 11052
11057, 11320, 11069
11074, 11337, 11086
11091, 11354, 11104
11108, 11371, 11121
11125, 11389, 11138
11142, 11406, 11155
11160, 11423, 11173
11177, 11441, 11190
11195, 11458, 11208
11212, 11476, 11225
11230, 11494, 11243
11247, 11511, 11260
11265, 11529, 11278
11283, 11547, 11296
11301, 11565, 11313
11319, 11583, 11331
11337, 11601, 11349
11355, 11618, 11367
11373, 11636, 11384
11391, 11654, 11402
11409, 11672, 11420
11427, 11690, 11438
11446, 11708, 11455
11464, 11726, 11473
11482, 11744, 11491
11500, 11762, 11508
11518, 11780, 11526
11536, 11798, 11544
11554, 11816, 11561
11572, 11833, 11579
11590, 11851, 11596
11608, 11869, 11614
11626, 11886, 11631
11643, 11904, 11649
11661, 11922, 11666
11679, 11939, 11683
11696, 11956, 11700
11714, 11973, 11717
11731, 11991, 11734
11748, 12008, 11751
11766, 12025, 11768
11783, 12041, 11785
11800, 12058, 11801
11816, 12075, 11818
11833, 12091, 11834
11850, 12108, 11850
11866, 12124, 11867
11882, 12140, 11883
11899, 12156, 11899
11915, 12172, 11915
11930, 12187, 11930
11946, 12203, 11946
11961, 12218, 11961
11977, 12233, 11977
11992, 12248, 11992
12007, 12263, 12008
12021, 12277, 12023
12036, 12292, 12038
12050, 12306, 12053
12065, 12320, 12068
12079, 12334, 12083
12093, 12348, 12098
12107, 12362, 12113
12121, 12376, 12128
12134, 12390, 12142
12148, 12403, 12157
12162, 12417, 12172
12175, 12430, 12186
12188, 12444, 12201
12202, 12457, 12215
12215, 12470, 12230
12228, 12483, 12244
12241, 12496, 12259
12254, 12509, 12273
12267, 12522, 12288
12280, 12536, 12302
12293, 12548, 12317
12306, 12561, 12331
12319, 12574, 12346
12332, 12587, 12360
12345, 12600, 12375
12358, 12613, 12389
12371, 12626, 12403
12384, 12639, 12418
12397, 12652, 12432
12410, 12665, 12447
12423, 12678, 12461
12436, 12692, 12476
12449, 12705, 12491
12462, 12718, 12505
12475, 12731, 12520
12489, 12745, 12535
12502, 12758, 12549
12516, 12772, 12564
12529, 12785, 12579
12543, 12799, 12594
12557, 12813, 12609
12570, 12827, 12624
12584, 12841, 12639
12598, 12855, 12654
12613, 12869, 12669
12627, 12884, 12685
12641, 12898, 12700
12656, 12913, 12716
12671, 12928, 12731
12686, 12943, 12747
12701, 12958, 12763
12716, 12973, 12778
12731, 12988, 12794
12747, 13004, 12810
12763, 13020, 12826
12779, 13036, 12843
12795, 13052, 12859
12812, 13069, 12876
12828, 13085, 12892
12845, 13102, 12909
12862, 13119, 12926
12879, 13136, 12943
12897, 13154, 12960
12915, 13172, 12977
12933, 13190, 12995
12951, 13208, 13012
12969, 13226, 13030
12988, 13245, 13048
13007, 13264, 13065
13025, 13282, 13083
13044, 13301, 13102
13064, 13321, 13120
13083, 13340, 13138
13102, 13359, 13156
13122, 13379, 13175
13141, 13398, 13193
13161, 13418, 13212
13181, 13438, 13230
13201, 13458, 13249
13221, 13478, 13268
13241, 13498, 13286
13261, 13518, 13305
13282, 13539, 13324
13302, 13559, 13343
13322, 13579, 13362
13342, 13599, 13380
13363, 13620, 13399
13383, 13640, 13418
13404, 13661, 13437
13424, 13681, 13456
13444, 13701, 13475
13465, 13722, 13494
13485, 13742, 13513
13505, 13762, 13531
13526, 13783, 13550
13546, 13803, 13569
13566, 13823, 13588
13586, 13843, 13606
13606, 13863, 13625
13626, 13883, 13644
13646, 13903, 13662
13666, 13923, 13681
13685, 13942, 13699
13705, 13962, 13717
13724, 13981, 13736
13744, 14001, 13754
13763, 14020, 13772
13782, 14039, 13790
13801, 14058, 13808
13820, 14077, 13825
13838, 14095, 13843
13856, 14113, 13861
13875, 14132, 13878
13893, 14150, 13895
13910, 14167, 13912
13928, 14185, 13929
13945, 14202, 13946
13962, 14219, 13963
13979, 14236, 13980
13996, 14253, 13996
14012, 14269, 14012
14029, 14286, 14029
14045, 14302, 14045
14061, 14318, 14061
14077, 14334, 14077
14093, 14350, 14093
14109, 14366, 14109
14125, 14382, 14125
14141, 14398, 14141
14157, 14414, 14157
14173, 14430, 14173
14189, 14446, 14189
14205, 14462, 14205
14221, 14478, 14221
14237, 14494, 14237
14253, 14510, 14253
14269, 14526, 14269
14285, 14542, 14285
14301, 14558, 14301
14317, 14574, 14317
14333, 14590, 14333
14349, 14606, 14349
14365, 14622, 14365
14381, 14638, 14381
14397, 14654, 14397
14413, 14670, 14413
14429, 14686, 14429
14445, 14702, 14445
14461, 14718, 14461
14477, 14734, 14477
14493, 14750, 14493
14509, 14766, 14509
14525, 14782, 14525
14541, 14798, 14541
14557, 14814, 14557
14573, 14830, 14573
14589, 14846, 14589
14605, 14862, 14605
14621, 14878, 14621
14637, 14894, 14637
14653, 14910, 14653
14669, 14926, 14669
14685, 14942, 14685
14701, 14958, 14701
14717, 14974, 14717
14733, 14990, 14733
14749, 15006, 14749
14765, 15022, 14765
14781, 15038, 14781
14797, 15054, 14797
14813, 15070, 14813
14829, 15086, 14829
14845, 15102, 14845
14861, 15118, 14861
14877, 15134, 14877
14893, 15150, 14893
14909, 15166, 14909
14925, 15182, 14925
14941, 15198, 14941
14957, 15214, 14957
14973, 15230, 14973
14989, 15246, 14989
15005, 15262, 15005
15021, 15278, 15021
15037, 15294, 15037
15054, 15311, 15054
15070, 15327, 15070
15086, 15343, 15086
15102, 15359, 15102
15118, 15375, 15118
15134, 15391, 15134
15150, 15407, 15150
15166, 15423, 15166
15182, 15439, 15182
15198, 15455, 15198
15214, 15471, 15214
15230, 15487, 15230
15246, 15503, 15246
15262, 15519, 15262
15278, 15535, 15278
15294, 15551, 15294
15310, 15567, 15310
15326, 15583, 15326
15342, 15599, 15342
15358, 15615, 15358
15374, 15631, 15374
15390, 15647, 15390
15406, 15663, 15406
15422, 15679, 15422
15438, 15695, 15438
15454, 15711, 15454
15470, 15727, 15470
15486, 15743, 15486
15502, 15759, 15502
15518, 15775, 15518
15534, 15791, 15534
15550, 15807, 15550
15566, 15823, 15566
15582, 15839, 15582
15598, 15855, 15598
15614, 15871, 15614
15630, 15887, 15630
15646, 15903, 15646
15662, 15919, 15662
15678, 15935, 15678
15694, 15951, 15694
15710, 15967, 15710
15726, 15983, 15726
15742, 15999, 15742
15758, 16015, 15758
15774, 16031, 15774
15790, 16047, 15790
15806, 16063, 15806
15822, 16079, 15822
15838, 16095, 15838
15854, 16111, 15854
15870, 16127, 15870
15886, 16143, 15886
15902, 16159, 15902
15918, 16175, 15918
15934, 16191, 15934
15950, 16207, 15950
15966, 16223, 15966
15982, 16239, 15982
15998, 16255, 15998
16014, 16271, 16014
16030, 16287, 16030
16046, 16303, 16046
16062, 16319, 16062
16079, 16336, 16079
16094, 16351, 16094
16110, 16367, 16110
16126, 16383, 16126
16142, 16399, 16142
16158, 16415, 16158
16174, 16430, 16174
16190, 16446, 16190
16205, 16461, 16205
16221, 16477, 16221
16237, 16492, 16237
16252, 16508, 16252
16268, 16523, 16268
16284, 16538, 16284
16299, 16553, 16299
16315, 16569, 16315
16330, 16584, 16330
16346, 16599, 16346
16361, 16614, 16361
16377, 16629, 16377
16392, 16644, 16392
16408, 16659, 16408
16423, 16674, 16423
16439, 16689, 16439
16454, 16704, 16454
16469, 16718, 16469
16485, 16733, 16485
16500, 16748, 16500
16515, 16763, 16515
16531, 16777, 16531
16546, 16792, 16546
16561, 16807, 16561
16577, 16822, 16577
16592, 16836, 16592
16607, 16851, 16607
16622, 16866, 16622
16638, 16881, 16638
16653, 16895, 16653
16668, 16910, 16668
16684, 16925, 16684
16699, 16939, 16699
16714, 16954, 16714
16730, 16969, 16730
16745, 16984, 16745
16760, 16998, 16760
16776, 17013, 16776
16791, 17028, 16791
16806, 17043, 16806
16822, 17057, 16822
16837, 17072, 16837
16853, 17087, 16853
16868, 17102, 16868
16883, 17117, 16883
16899, 17132, 16899
16914, 17147, 16914
16930, 17162, 16930
16945, 17177, 16945
16961, 17192, 16961
16976, 17207, 16976
16992, 17223, 16992
17008, 17238, 17008
17023, 17253, 17023
17039, 17269, 17039
17055, 17284, 17055
17071, 17300, 17071
17086, 17315, 17086
17102, 17330, 17102
17118, 17346, 17118
17134, 17361, 17134
17149, 17377, 17149
17165, 17392, 17165
17181, 17408, 17181
17197, 17423, 17197
17212, 17439, 17212
17228, 17454, 17228
17244, 17470, 17244
17260, 17485, 17260
17275, 17501, 17275
17291, 17516, 17291
17307, 17532, 17307
17323, 17547, 17323
17338, 17563, 17338
17354, 17578, 17354
17370, 17594, 17370
17386, 17609, 17386
17401, 17625, 17401
17417, 17640, 17417
17433, 17656, 17433
17449, 17671, 17449
17465, 17687, 17465
17480, 17702, 17480
17496, 17718, 17496
17512, 17733, 17512
17528, 17749, 17528
17543, 17764, 17543
17559, 17780, 17559
17575, 17796, 17575
17591, 17811, 17591
17606, 17827, 17606
17622, 17842, 17622
17638, 17858, 17638
17654, 17873, 17654
17669, 17889, 17669
17685, 17904, 17685
17701, 17920, 17701
17717, 17935, 17717
17733, 17951, 17733
17748, 17966, 17748
17764, 17982, 17764
17780, 17997, 17780
17796, 18013, 17796
17811, 18028, 17811
17827, 18044, 17827
17843, 18059, 17843
17859, 18075, 17859
17874, 18090, 17874
17890, 18106, 17890
17906, 18121, 17906
17922, 18137, 17922
17938, 18152, 17938
17953, 18168, 17953
17969, 18183, 17969
17985, 18199, 17985
18001, 18214, 18001
18016, 18230, 18016
18032, 18245, 18032
18048, 18261, 18048
18064, 18276, 18064
18080, 18292, 18080
18095, 18307, 18095
18111, 18322, 18111
18127, 18338, 18127
18143, 18353, 18143
18158, 18369, 18158
18174, 18384, 18174
18190, 18400, 18190
18206, 18415, 18206
18221, 18431, 18221
18237, 18446, 18237
18253, 18462, 18253
18269, 18477, 18269
18285, 18493, 18285
18300, 18508, 18300
18316, 18524, 18316
18332, 18539, 18332
18348, 18555, 18348
18363, 18570, 18363
18379, 18586, 18379
18395, 18601, 18395
18411, 18617, 18411
18427, 18632, 18427
18442, 18648, 18442
18458, 18663, 18458
18474, 18679, 18474
18490, 18694, 18490
18506, 18710, 18506
18521, 18725, 18521
18537, 18741, 18537
18553, 18756, 18553
18569, 18772, 18569
18584, 18787, 18584
18600, 18803, 18600
18616, 18818, 18616
18632, 18834, 18632
18648, 18849, 18648
18663, 18864, 18663
18679, 18880, 18679
18695, 18895, 18695
18711, 18911, 18711
18726, 18926, 18726
18742, 18942, 18742
18758, 18957, 18758
18774, 18973, 18774
18790, 18988, 18790
18805, 19004, 18805
18821, 19019, 18821
18837, 19035, 18837
18853, 19050, 18853
18869, 19066, 18869
18884, 19081, 18884
18900, 19097, 18900
18916, 19112, 18916
18932, 19128, 18932
18947, 19143, 18947
18963, 19159, 18963
18979, 19174, 18979
18995, 19190, 18995
19011, 19205, 19011
19026, 19221, 19026
19042, 19236, 19042
19058, 19252, 19058
19074, 19267, 19074
19090, 19283, 19090
19105, 19298, 19105
19121, 19313, 19121
19137, 19329, 19137
19153, 19344, 19153
19169, 19359, 19169
19184, 19374, 19184
19200, 19390, 19200
19216, 19405, 19216
19232, 19420, 19232
19248, 19435, 19248
19264, 19450, 19264
19280, 19465, 19280
19295, 19480, 19296
19311, 19495, 19311
19327, 19510, 19327
19343, 19524, 19343
19359, 19539, 19359
19375, 19554, 19375
19391, 19569, 19391
19407, 19584, 19407
19423, 19598, 19423
19439, 19613, 19439
19455, 19628, 19455
19471, 19643, 19471
19487, 19657, 19487
19503, 19672, 19503
19519, 19687, 19519
19535, 19701, 19535
19551, 19716, 19551
19567, 19731, 19567
19583, 19745, 19583
19599, 19760, 19599
19615, 19775, 19615
19631, 19789, 19631
19647, 19804, 19647
19663, 19819, 19664
19679, 19834, 19680
19695, 19848, 19696
19711, 19863, 19712
19727, 19878, 19728
19743, 19893, 19744
19759, 19907, 19760
19775, 19922, 19776
19791, 19937, 19792
19808, 19952, 19808
19824, 19967, 19824
19840, 19982, 19841
19856, 19997, 19857
19872, 20012, 19873
19888, 20027, 19889
19904, 20042, 19905
19920, 20057, 19921
19937, 20072, 19937
19953, 20088, 19953
19969, 20103, 19969
19985, 20118, 19986
20001, 20133, 20002
20017, 20149, 20018
20034, 20164, 20034
20050, 20180, 20050
20066, 20195, 20066
20082, 20211, 20082
20098, 20227, 20098
20115, 20243, 20115
20131, 20258, 20131
20147, 20275, 20147
20163, 20291, 20163
20180, 20308, 20179
20196, 20324, 20196
20213, 20341, 20212
20229, 20359, 20228
20245, 20376, 20245
20262, 20394, 20261
20279, 20411, 20278
20295, 20429, 20294
20312, 20448, 20311
20329, 20466, 20328
20345, 20484, 20344
20362, 20503, 20361
20379, 20522, 20378
20396, 20541, 20395
20413, 20560, 20411
20429, 20579, 20428
20446, 20598, 20445
20463, 20618, 20462
20480, 20637, 20479
20497, 20657, 20496
20514, 20676, 20513
20531, 20696, 20530
20548, 20716, 20547
20565, 20736, 20564
20582, 20756, 20581
20600, 20776, 20598
20617, 20796, 20615
20634, 20816, 20632
20651, 20836, 20650
20668, 20856, 20667
20685, 20877, 20684
20703, 20897, 20701
20720, 20917, 20718
20737, 20937, 20736
20754, 20958, 20753
20772, 20978, 20770
20789, 20998, 20787
20806, 21018, 20805
20823, 21038, 20822
20841, 21058, 20839
20858, 21079, 20857
20875, 21099, 20874
20893, 21119, 20891
20910, 21138, 20909
20927, 21158, 20926
20944, 21178, 20943
20962, 21198, 20961
20979, 21217, 20978
20996, 21237, 20995
21014, 21256, 21013
21031, 21275, 21030
21048, 21295, 21048
21066, 21314, 21065
21083, 21332, 21082
21100, 21351, 21100
21117, 21370, 21117
21135, 21388, 21134
21152, 21407, 21152
21169, 21425, 21169
21186, 21443, 21186
21204, 21461, 21204
21221, 21478, 21221
21238, 21496, 21238
21255, 21514, 21256
21273, 21531, 21274
21291, 21549, 21292
21308, 21567, 21310
21326, 21584, 21329
21344, 21602, 21347
21362, 21620, 21366
21379, 21637, 21385
21397, 21655, 21403
21415, 21673, 21422
21433, 21690, 21442
21452, 21708, 21461
21470, 21725, 21480
21488, 21743, 21499
21506, 21760, 21519
21525, 21778, 21539
21543, 21795, 21558
21561, 21813, 21578
21580, 21830, 21598
21598, 21848, 21617
21616, 21865, 21637
21635, 21883, 21657
21653, 21900, 21677
21672, 21917, 21697
21690, 21935, 21717
21709, 21952, 21737
21727, 21969, 21757
21746, 21987, 21777
21764, 22004, 21797
21783, 22021, 21817
21801, 22038, 21838
21820, 22055, 21858
21838, 22072, 21878
21857, 22089, 21898
21875, 22107, 21918
21894, 22124, 21937
21912, 22140, 21957
21931, 22157, 21977
21949, 22174, 21997
21967, 22191, 22017
21986, 22208, 22036
22004, 22225, 22056
22022, 22241, 22075
22040, 22258, 22095
22058, 22275, 22114
22076, 22291, 22133
22094, 22308, 22152
22112, 22324, 22171
22130, 22341, 22190
22148, 22357, 22209
22166, 22373, 22227
22184, 22390, 22246
22201, 22406, 22264
22219, 22422, 22282
22236, 22438, 22300
22254, 22454, 22318
22271, 22470, 22336
22288, 22486, 22353
22306, 22502, 22371
22323, 22518, 22388
22340, 22534, 22405
22357, 22550, 22422
22373, 22565, 22438
22390, 22581, 22454
22406, 22596, 22470
22422, 22612, 22486
22437, 22627, 22501
22453, 22642, 22516
22468, 22658, 22531
22483, 22673, 22545
22498, 22688, 22560
22513, 22703, 22574
22527, 22718, 22587
22541, 22733, 22601
22556, 22748, 22614
22569, 22763, 22628
22583, 22778, 22641
22597, 22793, 22653
22610, 22808, 22666
22624, 22823, 22678
22637, 22837, 22691
22650, 22852, 22703
22663, 22867, 22715
22676, 22882, 22727
22689, 22896, 22739
22702, 22911, 22750
22714, 22926, 22762
22727, 22940, 22774
22739, 22955, 22785
22752, 22969, 22796
22764, 22984, 22808
22777, 22999, 22819
22789, 23013, 22830
22801, 23028, 22842
22814, 23042, 22853
22826, 23057, 22864
22838, 23071, 22875
22851, 23086, 22887
22863, 23101, 22898
22875, 23115, 22909
22888, 23130, 22921
22900, 23145, 22932
22913, 23159, 22943
22925, 23174, 22955
22938, 23189, 22967
22951, 23203, 22978
22963, 23218, 22990
22976, 23233, 23002
22989, 23248, 23014
23002, 23263, 23026
23015, 23277, 23038
23029, 23292, 23051
23042, 23307, 23064
23056, 23322, 23076
23070, 23337, 23089
23083, 23352, 23102
23097, 23368, 23116
23112, 23383, 23129
23126, 23398, 23143
23141, 23413, 23157
23155, 23429, 23171
23170, 23444, 23186
23186, 23460, 23201
23201, 23475, 23216
23217, 23491, 23231
23233, 23507, 23247
23248, 23522, 23262
23264, 23538, 23278
23280, 23554, 23294
23296, 23569, 23309
23312, 23585, 23325
23329, 23601, 23341
23345, 23617, 23357
23361, 23632, 23373
23377, 23648, 23388
23393, 23664, 23404
23409, 23680, 23420
23425, 23696, 23436
23441, 23711, 23452
23457, 23727, 23467
23473, 23743, 23483
23489, 23759, 23499
23505, 23775, 23515
23521, 23791, 23531
23537, 23807, 23547
23554, 23822, 23563
23570, 23838, 23579
23586, 23854, 23595
23602, 23870, 23611
23618, 23886, 23627
23634, 23902, 23643
23651, 23918, 23659
23667, 23934, 23675
23683, 23950, 23691
23699, 23966, 23707
23716, 23982, 23723
23732, 23998, 23739
23748, 24014, 23755
23764, 24030, 23771
23781, 24046, 23787
23797, 24062, 23803
23813, 24078, 23819
23830, 24094, 23836
23846, 24110, 23852
23863, 24126, 23868
23879, 24143, 23884
23895, 24159, 23900
23912, 24175, 23917
23928, 24191, 23933
23945, 24207, 23949
23961, 24224, 23965
23978, 24240, 23982
23994, 24256, 23998
24011, 24272, 24014
24027, 24289, 24031
24044, 24305, 24047
24061, 24321, 24064
24077, 24338, 24080
24094, 24354, 24096
24111, 24370, 24113
24127, 24387, 24129
24144, 24403, 24146
24161, 24420, 24162
24177, 24436, 24179
24194, 24453, 24195
24211, 24469, 24212
24228, 24486, 24229
24245, 24502, 24245
24262, 24519, 24262
24279, 24536, 24279
24295, 24552, 24295
24312, 24569, 24312
24329, 24585, 24329
24346, 24602, 24345
24363, 24619, 24362
24380, 24636, 24379
24397, 24652, 24395
24414, 24669, 24412
24431, 24686, 24429
24448, 24702, 24446
24465, 24719, 24462
24482, 24736, 24479
24499, 24753, 24496
24515, 24770, 24513
24532, 24786, 24529
24549, 24803, 24546
24566, 24820, 24563
24583, 24837, 24580
24600, 24854, 24597
24617, 24871, 24614
24634, 24888, 24630
24651, 24905, 24647
24668, 24922, 24664
24685, 24939, 24681
24702, 24956, 24698
24719, 24972, 24715
24736, 24989, 24732
24753, 25006, 24749
24770, 25023, 24766
24787, 25040, 24783
24804, 25057, 24800
24821, 25075, 24817
24838, 25092, 24834
24855, 25109, 24851
24872, 25126, 24868
24889, 25143, 24885
24906, 25160, 24902
24923, 25177, 24919
24940, 25194, 24936
24957, 25211, 24953
24974, 25228, 24970
24991, 25245, 24987
25008, 25263, 25004
25025, 25280, 25022
25042, 25297, 25039
25059, 25314, 25056
25077, 25331, 25073
25094, 25348, 25090
25111, 25366, 25108
25128, 25383, 25125
25145, 25400, 25142
25162, 25417, 25159
25179, 25435, 25177
25196, 25452, 25194
25213, 25469, 25211
25230, 25486, 25228
25248, 25504, 25246
25265, 25521, 25263
25282, 25538, 25280
25299, 25555, 25298
25316, 25573, 25315
25333, 25590, 25333
25350, 25607, 25350
25368, 25625, 25368
25385, 25642, 25385
25402, 25659, 25403
25419, 25677, 25421
25437, 25694, 25439
25454, 25712, 25457
25471, 25730, 25476
25489, 25747, 25494
25507, 25765, 25513
25524, 25783, 25532
25542, 25801, 25551
25559, 25819, 25570
25577, 25837, 25589
25595, 25855, 25609
25613, 25873, 25628
25630, 25892, 25648
25648, 25910, 25668
25666, 25928, 25688
25684, 25946, 25707
25702, 25965, 25727
25720, 25983, 25747
25738, 26001, 25768
25755, 26020, 25788
25773, 26038, 25808
25791, 26056, 25828
25809, 26075, 25849
25827, 26093, 25869
25845, 26111, 25889
25863, 26130, 25910
25881, 26148, 25930
25899, 26167, 25950
25917, 26185, 25971
25935, 26203, 25991
25953, 26222, 26011
25971, 26240, 26032
25988, 26258, 26052
26006, 26277, 26072
26024, 26295, 26092
26042, 26313, 26112
26060, 26331, 26132
26077, 26349, 26152
26095, 26367, 26172
26113, 26386, 26192
26130, 26404, 26212
26148, 26422, 26232
26166, 26439, 26251
26183, 26457, 26271
26201, 26475, 26290
26218, 26493, 26309
26235, 26510, 26328
26253, 26528, 26347
26270, 26546, 26366
26287, 26563, 26384
26304, 26580, 26403
26321, 26598, 26421
26338, 26615, 26439
26355, 26632, 26457
26372, 26649, 26475
26389, 26666, 26493
26406, 26683, 26510
26423, 26700, 26527
26439, 26716, 26544
26456, 26733, 26561
26472, 26749, 26577
26489, 26766, 26594
26505, 26782, 26610
26521, 26798, 26626
26537, 26814, 26642
26554, 26830, 26658
26570, 26847, 26674
26586, 26863, 26690
26602, 26879, 26706
26618, 26895, 26722
26634, 26912, 26738
26650, 26928, 26754
26667, 26944, 26770
26683, 26960, 26785
26699, 26976, 26801
26715, 26993, 26817
26731, 27009, 26833
26747, 27025, 26849
26763, 27041, 26865
26779, 27057, 26880
26794, 27073, 26896
26810, 27090, 26912
26826, 27106, 26927
26842, 27122, 26943
26858, 27138, 26959
26874, 27154, 26974
26890, 27170, 26990
26906, 27186, 27006
26921, 27203, 27021
26937, 27219, 27037
26953, 27235, 27053
26969, 27251, 27068
26985, 27267, 27084
27000, 27283, 27099
27016, 27299, 27115
27032, 27315, 27130
27048, 27331, 27146
27063, 27348, 27161
27079, 27364, 27177
27095, 27380, 27192
27111, 27396, 27208
27126, 27412, 27223
27142, 27428, 27239
27158, 27444, 27254
27173, 27460, 27270
27189, 27476, 27285
27205, 27493, 27301
27221, 27509, 27316
27236, 27525, 27332
27252, 27541, 27347
27268, 27557, 27362
27283, 27573, 27378
27299, 27589, 27393
27315, 27605, 27409
27330, 27621, 27424
27346, 27637, 27439
27362, 27654, 27455
27378, 27670, 27470
27393, 27686, 27486
27409, 27702, 27501
27425, 27718, 27516
27440, 27734, 27532
27456, 27750, 27547
27472, 27766, 27563
27488, 27782, 27578
27504, 27799, 27594
27519, 27815, 27609
27535, 27831, 27624
27551, 27847, 27640
27567, 27863, 27655
27582, 27879, 27671
27598, 27895, 27686
27614, 27911, 27702
27630, 27927, 27717
27645, 27944, 27732
27661, 27960, 27748
27677, 27976, 27763
27693, 27992, 27779
27708, 28008, 27794
27724, 28024, 27810
27740, 28040, 27825
27756, 28056, 27841
27771, 28072, 27856
27787, 28088, 27872
27803, 28105, 27887
27819, 28121, 27903
27834, 28137, 27918
27850, 28153, 27934
27866, 28169, 27949
27882, 28185, 27964
27897, 28201, 27980
27913, 28217, 27995
27929, 28233, 28011
27945, 28249, 28026
27960, 28265, 28042
27976, 28282, 28057
27992, 28298, 28072
28007, 28314, 28088
28023, 28330, 28103
28039, 28346, 28119
28055, 28362, 28134
28070, 28378, 28149
28086, 28394, 28165
28102, 28410, 28180
28117, 28426, 28195
28133, 28442, 28210
28149, 28458, 28226
28164, 28474, 28241
28180, 28490, 28256
28195, 28507, 28271
28211, 28523, 28287
28227, 28539, 28302
28242, 28555, 28317
28258, 28571, 28332
28274, 28587, 28347
28289, 28603, 28362
28305, 28619, 28377
28320, 28635, 28392
28336, 28651, 28407
28351, 28667, 28422
28367, 28683, 28437
28383, 28699, 28452
28398, 28715, 28467
28414, 28731, 28482
28429, 28747, 28497
28445, 28763, 28512
28460, 28779, 28526
28476, 28795, 28541
28491, 28811, 28556
28507, 28828, 28571
28522, 28843, 28585
28537, 28859, 28600
28552, 28874, 28614
28567, 28889, 28628
28582, 28904, 28642
28597, 28919, 28657
28612, 28933, 28670
28627, 28947, 28684
28641, 28961, 28698
28656, 28975, 28712
28670, 28989, 28725
28684, 29002, 28739
28699, 29015, 28752
28713, 29028, 28766
28727, 29041, 28779
28741, 29054, 28792
28755, 29066, 28805
28769, 29079, 28818
28782, 29091, 28831
28796, 29103, 28844
28810, 29116, 28857
28824, 29128, 28870
28837, 29139, 28883
28851, 29151, 28895
28864, 29163, 28908
28878, 29175, 28921
28891, 29186, 28933
28905, 29198, 28946
28918, 29210, 28958
28932, 29221, 28971
28945, 29233, 28983
28959, 29244, 28996
28972, 29256, 29008
28985, 29267, 29021
28999, 29279, 29033
29012, 29290, 29046
29026, 29302, 29058
29039, 29314, 29071
29053, 29325, 29083
29066, 29337, 29095
29079, 29349, 29108
29093, 29361, 29120
29106, 29373, 29133
29120, 29385, 29145
29134, 29397, 29158
29147, 29409, 29170
29161, 29422, 29183
29175, 29434, 29195
29188, 29447, 29208
29202, 29460, 29221
29216, 29473, 29233
29230, 29486, 29246
29244, 29499, 29259
29258, 29513, 29272
29272, 29527, 29285
29287, 29541, 29298
29301, 29555, 29311
29315, 29569, 29324
29330, 29584, 29337
29344, 29599, 29350
29359, 29614, 29363
29374, 29629, 29377
29389, 29645, 29390
29404, 29661, 29404
29419, 29677, 29417
29434, 29693, 29431
29449, 29709, 29444
29464, 29725, 29458
29479, 29742, 29471
29494, 29758, 29484
29509, 29775, 29498
29524, 29791, 29511
29539, 29808, 29525
29554, 29825, 29538
29569, 29842, 29551
29584, 29858, 29565
29600, 29875, 29578
29615, 29892, 29591
29630, 29909, 29605
29645, 29926, 29618
29660, 29944, 29631
29675, 29961, 29645
29691, 29978, 29658
29706, 29995, 29671
29721, 30013, 29685
29736, 30030, 29698
29752, 30047, 29711
29767, 30065, 29725
29782, 30082, 29738
29797, 30100, 29752
29813, 30117, 29765
29828, 30134, 29779
29843, 30152, 29792
29858, 30169, 29806
29874, 30187, 29820
29889, 30205, 29833
29904, 30222, 29847
29920, 30240, 29861
29935, 30257, 29874
29950, 30275, 29888
29966, 30292, 29902
29981, 30310, 29916
29996, 30327, 29930
30012, 30345, 29944
30027, 30362, 29958
30043, 30379, 29972
30058, 30397, 29986
30073, 30414, 30001
30089, 30432, 30015
30104, 30449, 30029
30119, 30466, 30044
30135, 30483, 30058
30150, 30501, 30073
30166, 30518, 30087
30181, 30535, 30102
30196, 30552, 30117
30212, 30569, 30132
30227, 30586, 30147
30243, 30603, 30162
30258, 30619, 30177
30274, 30636, 30192
30289, 30653, 30208
30304, 30670, 30223
30320, 30686, 30238
30335, 30703, 30254
30351, 30719, 30270
30366, 30735, 30286
30382, 30752, 30302
30397, 30768, 30317
30412, 30784, 30333
30428, 30800, 30349
30443, 30816, 30365
30459, 30832, 30381
30475, 30849, 30397
30490, 30865, 30413
30506, 30881, 30429
30522, 30897, 30445
30537, 30913, 30461
30553, 30930, 30477
30569, 30946, 30493
30584, 30962, 30509
30600, 30978, 30525
30616, 30994, 30541
30632, 31011, 30557
30648, 31027, 30573
30663, 31043, 30589
30679, 31059, 30605
30695, 31075, 30621
30711, 31091, 30637
30727, 31108, 30653
30743, 31124, 30669
30759, 31140, 30685
30774, 31156, 30701
30790, 31172, 30717
30806, 31188, 30733
30822, 31204, 30749
30838, 31220, 30765
30854, 31237, 30781
30870, 31253, 30797
30886, 31269, 30813
30902, 31285, 30829
30918, 31301, 30845
30934, 31317, 30861
30950, 31333, 30877
30965, 31349, 30893
30981, 31365, 30909
30997, 31381, 30925
31013, 31397, 30941
31029, 31413, 30957
31045, 31429, 30973
31061, 31445, 30989
31077, 31460, 31005
31092, 31476, 31021
31108, 31492, 31037
31124, 31508, 31053
31140, 31524, 31069
31156, 31540, 31085
31171, 31556, 31101
31187, 31571, 31117
31203, 31587, 31133
31219, 31603, 31149
31234, 31619, 31165
31250, 31634, 31181
31265, 31650, 31197
31281, 31666, 31213
31297, 31681, 31229
31312, 31697, 31245
31328, 31712, 31261
31343, 31728, 31277
31359, 31743, 31293
31374, 31759, 31309
31390, 31775, 31326
31405, 31790, 31342
31420, 31805, 31358
31435, 31821, 31374
31449, 31836, 31390
31464, 31851, 31406
31478, 31866, 31422
31493, 31881, 31438
31507, 31897, 31454
31520, 31912, 31470
31534, 31927, 31486
31548, 31942, 31502
31561, 31956, 31518
31575, 31971, 31534
31588, 31986, 31550
31601, 32001, 31566
31614, 32016, 31582
31627, 32031, 31598
31639, 32045, 31614
31652, 32060, 31630
31665, 32075, 31646
31677, 32089, 31662
31690, 32104, 31678
31702, 32119, 31694
31714, 32133, 31710
31727, 32148, 31726
31739, 32163, 31742
31751, 32177, 31758
31763, 32192, 31774
31775, 32206, 31790
31787, 32221, 31806
31799, 32236, 31822
31811, 32250, 31838
31823, 32265, 31854
31835, 32279, 31870
31847, 32294, 31886
31859, 32309, 31902
31871, 32324, 31918
31883, 32338, 31934
31895, 32353, 31950
31907, 32368, 31966
31919, 32382, 31982
31931, 32397, 31998
31944, 32412, 32014
31956, 32427, 32030
31968, 32442, 32046
31981, 32457, 32062
31993, 32472, 32078
32006, 32487, 32094
32018, 32502, 32110
32031, 32517, 32126
32044, 32532, 32142
32057, 32547, 32158
32070, 32563, 32174
32083, 32578, 32190
32096, 32593, 32206
32110, 32609, 32222
32123, 32624, 32238
32137, 32640, 32254
32151, 32655, 32270
32165, 32671, 32286
32179, 32687, 32302
32193, 32703, 32318
32208, 32719, 32334
32223, 32735, 32351
32237, 32751, 32367
32252, 32767, 32383
32267, 32783, 32399
32282, 32799, 32415
32298, 32815, 32431
32313, 32831, 32447
32328, 32847, 32463
32344, 32863, 32479
32359, 32879, 32495
32375, 32895, 32511
32391, 32911, 32527
32406, 32927, 32543
32422, 32943, 32559
32438, 32959, 32575
32454, 32975, 32591
32470, 32991, 32607
32486, 33007, 32623
32502, 33023, 32639
32519, 33039, 32655
32535, 33055, 32671
32551, 33071, 32687
32567, 33087, 32703
32584, 33103, 32719
32600, 33119, 32735
32617, 33135, 32751
32633, 33151, 32767
32650, 33167, 32783
32666, 33183, 32799
32683, 33199, 32815
32699, 33215, 32831
32716, 33231, 32847
32732, 33247, 32863
32749, 33263, 32879
32765, 33279, 32895
32782, 33295, 32911
32799, 33311, 32927
32815, 33327, 32943
32832, 33343, 32959
32848, 33359, 32975
32865, 33375, 32991
32881, 33391, 33007
32898, 33407, 33023
32914, 33423, 33039
32931, 33439, 33055
32947, 33455, 33071
32963, 33471, 33087
32980, 33487, 33103
32996, 33503, 33119
33012, 33519, 33135
33028, 33535, 33151
33044, 33551, 33167
33060, 33567, 33183
33076, 33583, 33199
33092, 33599, 33215
33108, 33615, 33231
33124, 33631, 33247
33140, 33647, 33263
33155, 33663, 33279
33171, 33679, 33295
33186, 33695, 33311
33202, 33711, 33327
33217, 33727, 33343
33232, 33743, 33359
33248, 33760, 33376
33263, 33776, 33392
33277, 33792, 33408
33292, 33808, 33424
33307, 33824, 33440
33322, 33840, 33456
33336, 33856, 33472
33350, 33872, 33488
33365, 33888, 33504
33379, 33904, 33520
33393, 33920, 33536
33407, 33936, 33552
33421, 33952, 33568
33435, 33968, 33584
33449, 33984, 33600
33463, 34000, 33616
33477, 34016, 33632
33490, 34032, 33648
33504, 34048, 33664
33518, 34064, 33680
33531, 34080, 33696
33545, 34096, 33712
33558, 34112, 33728
33572, 34128, 33744
33585, 34144, 33760
33598, 34160, 33776
33612, 34176, 33792
33625, 34192, 33808
33639, 34208, 33824
33652, 34224, 33840
33665, 34240, 33856
33679, 34256, 33872
33692, 34272, 33888
33705, 34288, 33904
33719, 34304, 33920
33732, 34320, 33936
33746, 34336, 33952
33759, 34352, 33968
33772, 34368, 33984
33786, 34384, 34000
33799, 34400, 34016
33813, 34416, 34032
33827, 34432, 34048
33840, 34448, 34064
33854, 34464, 34080
33868, 34480, 34096
33882, 34496, 34112
33895, 34512, 34128
33909, 34528, 34144
33923, 34544, 34160
33937, 34560, 34176
33952, 34576, 34192
33966, 34592, 34208
33980, 34608, 34224
33995, 34624, 34240
34009, 34640, 34256
34024, 34656, 34272
34038, 34672, 34288
34053, 34688, 34304
34068, 34704, 34320
34083, 34720, 34336
34098, 34736, 34352
34114, 34752, 34368
34129, 34768, 34384
34145, 34785, 34401
34160, 34801, 34416
34176, 34817, 34432
34192, 34833, 34448
34208, 34849, 34464
34225, 34865, 34480
34241, 34881, 34496
34258, 34897, 34511
34275, 34913, 34527
34291, 34929, 34543
34308, 34945, 34558
34326, 34961, 34574
34343, 34977, 34589
34360, 34993, 34605
34378, 35009, 34620
34396, 35025, 34636
34413, 35041, 34651
34431, 35057, 34667
34449, 35073, 34682
34467, 35089, 34697
34485, 35105, 34713
34503, 35121, 34728
34521, 35137, 34743
34539, 35153, 34758
34558, 35169, 34774
34576, 35185, 34789
34594, 35201, 34804
34613, 35217, 34819
34631, 35233, 34834
34650, 35249, 34850
34668, 35265, 34865
34686, 35281, 34880
34705, 35297, 34895
34723, 35313, 34910
34742, 35329, 34925
34760, 35345, 34940
34779, 35361, 34956
34797, 35377, 34971
34815, 35393, 34986
34834, 35409, 35001
34852, 35425, 35016
34870, 35441, 35031
34888, 35457, 35047
34906, 35473, 35062
34924, 35489, 35077
34942, 35505, 35092
34960, 35521, 35107
34978, 35537, 35123
34996, 35553, 35138
35013, 35569, 35153
35031, 35585, 35168
35048, 35601, 35184
35065, 35617, 35199
35082, 35633, 35214
35099, 35649, 35230
35116, 35665, 35245
35133, 35681, 35261
35150, 35697, 35276
35166, 35713, 35292
35182, 35729, 35307
35199, 35745, 35323
35215, 35761, 35338
35230, 35777, 35354
35246, 35793, 35370
35262, 35810, 35386
35277, 35826, 35401
35292, 35842, 35417
35307, 35858, 35433
35323, 35874, 35449
35338, 35890, 35464
35353, 35906, 35480
35368, 35922, 35496
35384, 35938, 35512
35399, 35954, 35527
35414, 35970, 35543
35429, 35986, 35559
35444, 36002, 35575
35459, 36018, 35590
35474, 36034, 35606
35489, 36050, 35622
35504, 36066, 35638
35519, 36082, 35654
35534, 36098, 35669
35550, 36114, 35685
35565, 36130, 35701
35580, 36146, 35717
35595, 36162, 35733
35609, 36178, 35748
35624, 36194, 35764
35639, 36210, 35780
35654, 36226, 35796
35669, 36242, 35811
35684, 36258, 35827
35699, 36274, 35843
35714, 36290, 35859
35729, 36306, 35875
35744, 36322, 35890
35759, 36338, 35906
35774, 36354, 35922
35789, 36370, 35938
35804, 36386, 35954
35819, 36402, 35969
35834, 36418, 35985
35849, 36434, 36001
35864, 36450, 36017
35879, 36466, 36033
35893, 36482, 36048
35908, 36498, 36064
35923, 36514, 36080
35938, 36530, 36096
35953, 36546, 36112
35968, 36562, 36127
35983, 36578, 36143
35998, 36594, 36159
36013, 36610, 36175
36028, 36626, 36191
36044, 36642, 36207
36059, 36658, 36222
36074, 36674, 36238
36089, 36690, 36254
36104, 36706, 36270
36119, 36722, 36286
36134, 36738, 36302
36149, 36754, 36317
36165, 36770, 36333
36180, 36786, 36349
36195, 36802, 36365
36210, 36818, 36381
36226, 36835, 36397
36241, 36851, 36412
36256, 36867, 36428
36271, 36883, 36444
36287, 36899, 36460
36302, 36915, 36476
36317, 36931, 36491
36333, 36947, 36507
36348, 36963, 36523
36363, 36979, 36539
36378, 36995, 36555
36394, 37011, 36571
36409, 37027, 36587
36424, 37043, 36602
36440, 37059, 36618
36455, 37075, 36634
36470, 37091, 36650
36486, 37107, 36666
36501, 37123, 36682
36517, 37139, 36697
36532, 37155, 36713
36547, 37171, 36729
36563, 37187, 36745
36578, 37203, 36761
36593, 37219, 36777
36609, 37235, 36792
36624, 37251, 36808
36640, 37267, 36824
36655, 37283, 36840
36671, 37299, 36856
36686, 37315, 36872
36702, 37331, 36888
36717, 37347, 36903
36733, 37363, 36919
36748, 37379, 36935
36764, 37395, 36951
36779, 37411, 36967
36795, 37427, 36983
36810, 37443, 36998
36826, 37459, 37014
36841, 37475, 37030
36857, 37491, 37046
36872, 37507, 37062
36888, 37523, 37078
36904, 37539, 37094
36919, 37555, 37110
36935, 37571, 37125
36951, 37587, 37141
36966, 37603, 37157
36982, 37619, 37173
36998, 37635, 37189
37014, 37651, 37205
37029, 37667, 37221
37045, 37683, 37237
37061, 37699, 37252
37077, 37715, 37268
37092, 37731, 37284
37108, 37747, 37300
37124, 37763, 37316
37140, 37779, 37332
37156, 37795, 37348
37172, 37811, 37364
37188, 37827, 37380
37204, 37843, 37396
37220, 37860, 37412
37236, 37876, 37427
37252, 37892, 37443
37268, 37908, 37459
37285, 37924, 37475
37302, 37940, 37491
37319, 37956, 37507
37336, 37972, 37523
37354, 37988, 37539
37371, 38004, 37555
37389, 38020, 37572
37407, 38036, 37588
37425, 38052, 37604
37443, 38068, 37620
37461, 38084, 37636
37480, 38100, 37652
37498, 38116, 37668
37517, 38132, 37685
37535, 38148, 37701
37554, 38164, 37717
37573, 38180, 37733
37592, 38196, 37749
37611, 38212, 37766
37630, 38228, 37782
37649, 38244, 37798
37669, 38260, 37814
37688, 38276, 37831
37707, 38292, 37847
37727, 38308, 37863
37746, 38324, 37879
37766, 38340, 37896
37785, 38356, 37912
37804, 38372, 37928
37824, 38388, 37944
37843, 38404, 37961
37863, 38420, 37977
37882, 38436, 37993
37901, 38452, 38009
37921, 38468, 38026
37940, 38484, 38042
37959, 38500, 38058
37979, 38516, 38074
37998, 38532, 38091
38017, 38548, 38107
38036, 38564, 38123
38055, 38580, 38139
38073, 38596, 38156
38092, 38612, 38172
38111, 38628, 38188
38129, 38644, 38204
38148, 38660, 38220
38166, 38676, 38237
38184, 38692, 38253
38202, 38708, 38269
38220, 38724, 38285
38238, 38740, 38301
38255, 38756, 38317
38273, 38772, 38333
38290, 38788, 38349
38307, 38804, 38365
38324, 38820, 38381
38341, 38836, 38398
38357, 38852, 38414
38373, 38868, 38430
38390, 38885, 38446
38405, 38901, 38461
38421, 38917, 38477
38437, 38933, 38493
38453, 38949, 38509
38469, 38965, 38525
38485, 38981, 38541
38501, 38997, 38557
38517, 39013, 38573
38533, 39029, 38589
38548, 39045, 38605
38564, 39061, 38621
38580, 39077, 38637
38596, 39093, 38653
38611, 39109, 38668
38627, 39125, 38684
38643, 39141, 38700
38659, 39157, 38716
38674, 39173, 38732
38690, 39189, 38748
38706, 39205, 38764
38721, 39221, 38780
38737, 39237, 38795
38753, 39253, 38811
38769, 39269, 38827
38784, 39285, 38843
38800, 39301, 38859
38816, 39317, 38875
38831, 39333, 38891
38847, 39349, 38906
38862, 39365, 38922
38878, 39381, 38938
38894, 39397, 38954
38909, 39413, 38970
38925, 39429, 38986
38941, 39445, 39002
38956, 39461, 39017
38972, 39477, 39033
38988, 39493, 39049
39003, 39509, 39065
39019, 39525, 39081
39035, 39541, 39097
39050, 39557, 39112
39066, 39573, 39128
39082, 39589, 39144
39097, 39605, 39160
39113, 39621, 39176
39129, 39637, 39192
39144, 39653, 39207
39160, 39669, 39223
39176, 39685, 39239
39192, 39701, 39255
39207, 39717, 39271
39223, 39733, 39287
39239, 39749, 39303
39255, 39765, 39319
39271, 39781, 39334
39286, 39797, 39350
39302, 39813, 39366
39318, 39829, 39382
39334, 39845, 39398
39350, 39861, 39414
39366, 39877, 39430
39382, 39893, 39446
39398, 39910, 39462
39413, 39926, 39477
39429, 39942, 39493
39445, 39958, 39509
39461, 39975, 39525
39477, 39991, 39541
39493, 40008, 39557
39509, 40025, 39573
39525, 40042, 39589
39541, 40060, 39605
39557, 40077, 39621
39573, 40094, 39637
39589, 40112, 39653
39605, 40129, 39669
39621, 40147, 39685
39637, 40165, 39700
39653, 40183, 39716
39669, 40201, 39732
39685, 40219, 39748
39701, 40237, 39764
39716, 40256, 39780
39732, 40274, 39796
39748, 40292, 39812
39764, 40311, 39828
39780, 40329, 39844
39796, 40348, 39860
39812, 40366, 39876
39828, 40385, 39892
39844, 40404, 39908
39860, 40422, 39924
39876, 40441, 39940
39892, 40460, 39956
39908, 40479, 39972
39924, 40497, 39988
39940, 40516, 40004
39956, 40535, 40020
39972, 40554, 40036
39988, 40573, 40052
40004, 40591, 40068
40020, 40610, 40084
40036, 40629, 40100
40052, 40648, 40117
40068, 40667, 40133
40084, 40685, 40149
40101, 40704, 40165
40117, 40722, 40181
40133, 40741, 40197
40149, 40760, 40213
40165, 40778, 40229
40181, 40796, 40245
40197, 40815, 40261
40213, 40833, 40277
40229, 40851, 40293
40245, 40869, 40309
40261, 40887, 40325
40277, 40905, 40342
40293, 40923, 40358
40310, 40941, 40374
40326, 40959, 40390
40342, 40976, 40406
40358, 40994, 40422
40374, 41011, 40438
40390, 41028, 40454
40406, 41046, 40470
40423, 41063, 40487
40439, 41079, 40503
40455, 41096, 40519
40471, 41113, 40535
40488, 41130, 40552
40504, 41146, 40568
40521, 41163, 40585
40538, 41179, 40601
40554, 41195, 40618
40571, 41212, 40635
40588, 41228, 40652
40605, 41244, 40668
40622, 41260, 40685
40639, 41276, 40702
40656, 41292, 40719
40673, 41308, 40736
40690, 41324, 40754
40708, 41340, 40771
40725, 41356, 40788
40742, 41372, 40805
40760, 41387, 40822
40777, 41403, 40840
40794, 41419, 40857
40812, 41434, 40874
40829, 41450, 40892
40847, 41466, 40909
40864, 41481, 40927
40882, 41497, 40944
40899, 41512, 40962
40917, 41528, 40979
40934, 41543, 40997
40952, 41559, 41014
40969, 41575, 41031
40987, 41590, 41049
41004, 41606, 41066
41022, 41621, 41084
41039, 41637, 41101
41057, 41652, 41119
41074, 41668, 41136
41092, 41683, 41154
41109, 41699, 41171
41126, 41715, 41188
41144, 41730, 41206
41161, 41746, 41223
41178, 41762, 41240
41196, 41778, 41258
41213, 41793, 41275
41230, 41809, 41292
41247, 41825, 41309
41264, 41841, 41326
41281, 41857, 41343
41298, 41873, 41360
41315, 41889, 41377
41332, 41905, 41394
41348, 41922, 41411
41365, 41938, 41428
41382, 41954, 41444
41398, 41971, 41461
41415, 41987, 41478
41431, 42004, 41494
41447, 42020, 41511
41463, 42037, 41527
41480, 42054, 41543
41496, 42071, 41559
41512, 42088, 41576
41527, 42105, 41592
41543, 42122, 41608
41559, 42139, 41624
41575, 42156, 41640
41590, 42173, 41656
41606, 42191, 41672
41622, 42208, 41688
41637, 42226, 41703
41653, 42244, 41719
41668, 42261, 41735
41684, 42279, 41751
41699, 42297, 41767
41715, 42315, 41783
41730, 42332, 41799
41746, 42350, 41815
41761, 42368, 41830
41776, 42386, 41846
41792, 42404, 41862
41807, 42423, 41878
41822, 42441, 41894
41838, 42459, 41910
41853, 42477, 41925
41868, 42495, 41941
41884, 42513, 41957
41899, 42531, 41973
41914, 42550, 41988
41929, 42568, 42004
41945, 42586, 42020
41960, 42604, 42036
41975, 42623, 42051
41990, 42641, 42067
42005, 42659, 42083
42021, 42677, 42099
42036, 42695, 42114
42051, 42714, 42130
42066, 42732, 42146
42082, 42750, 42162
42097, 42768, 42178
42112, 42786, 42193
42127, 42804, 42209
42142, 42822, 42225
42158, 42840, 42241
42173, 42858, 42256
42188, 42876, 42272
42204, 42894, 42288
42219, 42912, 42304
42234, 42929, 42320
42250, 42947, 42335
42265, 42965, 42351
42280, 42982, 42367
42296, 43000, 42383
42311, 43017, 42399
42327, 43035, 42415
42342, 43052, 42431
42358, 43069, 42447
42373, 43086, 42463
42389, 43104, 42478
42404, 43121, 42494
42420, 43137, 42510
42436, 43154, 42526
42451, 43171, 42542
42467, 43188, 42558
42483, 43204, 42574
42499, 43221, 42591
42514, 43237, 42607
42530, 43253, 42623
42546, 43270, 42639
42562, 43286, 42655
42578, 43302, 42671
42593, 43319, 42687
42609, 43335, 42703
42625, 43351, 42719
42641, 43368, 42735
42657, 43384, 42751
42672, 43400, 42767
42688, 43416, 42783
42704, 43433, 42799
42720, 43449, 42816
42736, 43465, 42832
42752, 43482, 42848
42767, 43498, 42864
42783, 43514, 42880
42799, 43531, 42896
42815, 43547, 42912
42831, 43563, 42928
42846, 43579, 42944
42862, 43596, 42960
42878, 43612, 42976
42894, 43628, 42992
42910, 43644, 43008
42925, 43661, 43024
42941, 43677, 43041
42957, 43693, 43057
42973, 43709, 43073
42989, 43726, 43089
43005, 43742, 43105
43020, 43758, 43121
43036, 43774, 43137
43052, 43791, 43153
43068, 43807, 43169
43084, 43823, 43185
43099, 43839, 43201
43115, 43855, 43217
43131, 43872, 43233
43147, 43888, 43250
43163, 43904, 43266
43178, 43920, 43282
43194, 43936, 43298
43210, 43953, 43314
43226, 43969, 43330
43242, 43985, 43346
43258, 44001, 43362
43273, 44018, 43378
43289, 44034, 43394
43305, 44050, 43410
43321, 44066, 43426
43337, 44082, 43443
43352, 44099, 43459
43368, 44115, 43475
43384, 44131, 43491
43400, 44147, 43507
43416, 44163, 43523
43431, 44180, 43539
43447, 44196, 43555
43463, 44212, 43571
43479, 44228, 43587
43495, 44244, 43603
43511, 44261, 43620
43526, 44277, 43636
43542, 44293, 43652
43558, 44309, 43668
43574, 44325, 43684
43590, 44341, 43700
43605, 44358, 43716
43621, 44374, 43732
43637, 44390, 43748
43653, 44406, 43764
43669, 44422, 43780
43684, 44439, 43797
43700, 44455, 43813
43716, 44471, 43829
43732, 44487, 43845
43748, 44503, 43861
43764, 44519, 43877
43779, 44536, 43893
43795, 44552, 43909
43811, 44568, 43925
43827, 44584, 43941
43843, 44600, 43958
43858, 44616, 43974
43874, 44633, 43990
43890, 44649, 44006
43906, 44665, 44022
43922, 44681, 44038
43937, 44697, 44054
43953, 44713, 44070
43969, 44729, 44086
43985, 44746, 44102
44001, 44762, 44119
44017, 44778, 44135
44032, 44794, 44151
44048, 44810, 44167
44064, 44826, 44183
44080, 44842, 44199
44096, 44858, 44215
44111, 44874, 44231
44127, 44891, 44247
44143, 44907, 44264
44159, 44923, 44280
44175, 44939, 44296
44190, 44955, 44312
44206, 44971, 44328
44222, 44987, 44344
44238, 45003, 44360
44254, 45019, 44376
44270, 45035, 44392
44285, 45051, 44409
44301, 45067, 44425
44317, 45083, 44441
44333, 45099, 44457
44349, 45115, 44473
44364, 45131, 44489
44380, 45147, 44505
44396, 45164, 44521
44412, 45180, 44538
44428, 45196, 44554
44443, 45212, 44570
44459, 45228, 44586
44475, 45244, 44602
44491, 45260, 44618
44507, 45276, 44634
44523, 45292, 44651
44538, 45307, 44667
44554, 45323, 44683
44570, 45338, 44699
44586, 45354, 44715
44601, 45369, 44732
44617, 45384, 44748
44633, 45398, 44764
44648, 45413, 44780
44664, 45427, 44797
44680, 45441, 44813
44695, 45455, 44830
44711, 45469, 44846
44726, 45483, 44862
44742, 45496, 44879
44758, 45510, 44895
44773, 45523, 44912
44789, 45537, 44928
44804, 45550, 44945
44820, 45563, 44961
44835, 45576, 44978
44851, 45589, 44994
44866, 45601, 45011
44882, 45614, 45027
44897, 45627, 45044
44912, 45639, 45061
44928, 45652, 45077
44943, 45664, 45094
44959, 45677, 45110
44974, 45689, 45127
44990, 45702, 45144
45005, 45714, 45160
45021, 45727, 45177
45036, 45739, 45193
45052, 45752, 45210
45067, 45764, 45226
45082, 45777, 45243
45098, 45789, 45260
45113, 45802, 45276
45129, 45814, 45293
45144, 45827, 45309
45160, 45840, 45326
45175, 45852, 45342
45191, 45865, 45359
45206, 45878, 45375
45222, 45891, 45392
45237, 45904, 45408
45253, 45917, 45425
45268, 45931, 45441
45284, 45944, 45458
45299, 45958, 45474
45315, 45971, 45491
45330, 45985, 45507
45346, 45999, 45523
45362, 46013, 45540
45377, 46028, 45556
45393, 46042, 45572
45408, 46057, 45588
45424, 46072, 45605
45440, 46087, 45621
45455, 46102, 45637
45471, 46117, 45653
45487, 46133, 45669
45503, 46148, 45685
45519, 46165, 45702
45534, 46181, 45718
45550, 46197, 45734
45566, 46213, 45750
45582, 46229, 45766
45597, 46245, 45782
45613, 46261, 45798
45629, 46277, 45814
45645, 46294, 45830
45661, 46310, 45846
45676, 46326, 45862
45692, 46342, 45878
45708, 46358, 45894
45724, 46374, 45910
45740, 46390, 45926
45756, 46407, 45942
45771, 46423, 45958
45787, 46439, 45974
45803, 46455, 45990
45819, 46471, 46006
45835, 46487, 46022
45850, 46503, 46038
45866, 46520, 46055
45882, 46536, 46071
45898, 46552, 46087
45914, 46568, 46103
45929, 46584, 46119
45945, 46600, 46135
45961, 46616, 46151
45977, 46633, 46167
45993, 46649, 46183
46008, 46665, 46199
46024, 46681, 46215
46040, 46697, 46231
46056, 46713, 46247
46072, 46729, 46263
46088, 46746, 46279
46103, 46762, 46295
46119, 46778, 46311
46135, 46794, 46327
46151, 46810, 46343
46167, 46826, 46359
46182, 46842, 46375
46198, 46859, 46392
46214, 46875, 46408
46230, 46891, 46424
46246, 46907, 46440
46261, 46923, 46456
46277, 46939, 46472
46293, 46955, 46488
46309, 46972, 46504
46325, 46988, 46520
46341, 47004, 46536
46356, 47020, 46552
46372, 47036, 46568
46388, 47052, 46584
46404, 47068, 46600
46420, 47085, 46616
46436, 47101, 46632
46451, 47117, 46648
46467, 47133, 46664
46483, 47149, 46680
46499, 47165, 46696
46515, 47181, 46712
46531, 47198, 46729
46546, 47214, 46745
46562, 47230, 46761
46578, 47246, 46777
46594, 47262, 46793
46610, 47278, 46809
46625, 47294, 46825
46641, 47310, 46841
46657, 47327, 46857
46673, 47343, 46873
46689, 47359, 46889
46705, 47375, 46905
46720, 47391, 46921
46736, 47407, 46937
46752, 47423, 46953
46768, 47440, 46969
46784, 47456, 46985
46800, 47472, 47001
46815, 47488, 47017
46831, 47504, 47033
46847, 47520, 47049
46863, 47536, 47065
46879, 47553, 47082
46895, 47569, 47098
46910, 47585, 47114
46926, 47601, 47130
46942, 47617, 47146
46958, 47633, 47162
46974, 47649, 47178
46990, 47666, 47194
47005, 47682, 47210
47021, 47698, 47226
47037, 47714, 47242
47053, 47730, 47258
47069, 47746, 47274
47084, 47762, 47290
47100, 47779, 47306
47116, 47795, 47322
47132, 47811, 47338
47148, 47827, 47354
47164, 47843, 47370
47179, 47859, 47386
47195, 47875, 47402
47211, 47892, 47419
47227, 47908, 47435
47243, 47924, 47451
47259, 47940, 47467
47274, 47956, 47483
47290, 47972, 47499
47306, 47988, 47515
47322, 48005, 47531
47338, 48021, 47547
47354, 48037, 47563
47369, 48053, 47579
47385, 48069, 47595
47401, 48085, 47611
47417, 48101, 47627
47433, 48118, 47643
47449, 48134, 47659
47464, 48150, 47675
47480, 48166, 47691
47496, 48182, 47707
47512, 48198, 47723
47528, 48214, 47739
47544, 48231, 47756
47559, 48247, 47772
47575, 48263, 47788
47591, 48279, 47804
47607, 48295, 47820
47623, 48311, 47836
47638, 48327, 47852
47654, 48343, 47868
47670, 48360, 47884
47686, 48376, 47900
47702, 48392, 47916
47718, 48408, 47932
47733, 48424, 47948
47749, 48440, 47964
47765, 48456, 47980
47781, 48473, 47996
47797, 48489, 48012
47813, 48505, 48028
47828, 48521, 48044
47844, 48537, 48060
47860, 48553, 48076
47876, 48569, 48092
47892, 48586, 48109
47908, 48602, 48125
47923, 48618, 48141
47939, 48634, 48157
47955, 48650, 48173
47971, 48666, 48189
47987, 48682, 48205
48003, 48699, 48221
48018, 48715, 48237
48034, 48731, 48253
48050, 48747, 48269
48066, 48763, 48285
48082, 48779, 48301
48097, 48795, 48317
48113, 48812, 48333
48129, 48828, 48349
48145, 48844, 48365
48161, 48860, 48381
48177, 48876, 48397
48192, 48892, 48413
48208, 48908, 48429
48224, 48925, 48446
48240, 48941, 48462
48256, 48957, 48478
48272, 48973, 48494
48287, 48989, 48510
48303, 49005, 48526
48319, 49021, 48542
48335, 49038, 48558
48351, 49054, 48574
48367, 49070, 48590
48382, 49086, 48606
48398, 49102, 48622
48414, 49118, 48638
48430, 49134, 48654
48446, 49151, 48670
48462, 49167, 48686
48477, 49183, 48702
48493, 49199, 48718
48509, 49215, 48734
48525, 49231, 48750
48541, 49247, 48766
48557, 49264, 48783
48572, 49280, 48799
48588, 49296, 48815
48604, 49312, 48831
48620, 49328, 48847
48636, 49344, 48863
48651, 49360, 48879
48667, 49377, 48895
48683, 49393, 48911
48699, 49409, 48927
48715, 49425, 48943
48731, 49441, 48959
48746, 49457, 48975
48762, 49473, 48991
48778, 49490, 49007
48794, 49506, 49023
48810, 49522, 49039
48826, 49538, 49055
48841, 49554, 49071
48857, 49570, 49087
48873, 49587, 49103
48889, 49603, 49119
48905, 49619, 49136
48921, 49635, 49152
48936, 49651, 49168
48952, 49667, 49184
48968, 49683, 49200
48984, 49700, 49216
49000, 49716, 49232
49016, 49732, 49248
49031, 49748, 49264
49047, 49764, 49280
49063, 49780, 49296
49079, 49797, 49312
49095, 49813, 49328
49110, 49829, 49344
49126, 49845, 49360
49142, 49861, 49376
49158, 49877, 49392
49174, 49893, 49408
49190, 49910, 49424
49205, 49926, 49440
49221, 49942, 49456
49237, 49958, 49473
49253, 49974, 49489
49269, 49990, 49505
49285, 50006, 49521
49300, 50023, 49537
49316, 50039, 49553
49332, 50055, 49569
49348, 50071, 49585
49364, 50087, 49601
49380, 50103, 49617
49395, 50119, 49633
49411, 50135, 49649
49427, 50152, 49665
49443, 50168, 49681
49459, 50184, 49697
49475, 50200, 49713
49490, 50216, 49729
49506, 50232, 49745
49522, 50248, 49761
49538, 50264, 49777
49554, 50280, 49793
49570, 50297, 49810
49585, 50313, 49826
49601, 50329, 49842
49617, 50345, 49858
49633, 50361, 49874
49649, 50377, 49890
49665, 50393, 49906
49681, 50409, 49922
49698, 50425, 49939
49714, 50441, 49955
49730, 50457, 49971
49746, 50473, 49987
49762, 50489, 50003
49779, 50505, 50020
49795, 50522, 50036
49811, 50538, 50052
49828, 50554, 50069
49844, 50570, 50085
49861, 50586, 50101
49877, 50602, 50118
49894, 50618, 50134
49910, 50634, 50150
49927, 50650, 50167
49943, 50666, 50183
49960, 50682, 50200
49976, 50698, 50216
49993, 50714, 50232
50010, 50730, 50249
50026, 50746, 50265
50043, 50762, 50282
50059, 50778, 50298
50076, 50794, 50315
50093, 50810, 50331
50109, 50826, 50347
50126, 50842, 50364
50143, 50858, 50380
50159, 50875, 50397
50176, 50891, 50413
50193, 50907, 50430
50209, 50923, 50446
50226, 50939, 50463
50243, 50955, 50479
50259, 50971, 50496
50276, 50987, 50512
50293, 51003, 50529
50309, 51019, 50545
50326, 51035, 50561
50342, 51051, 50578
50359, 51067, 50594
50375, 51083, 50611
50392, 51099, 50627
50408, 51115, 50644
50425, 51131, 50660
50441, 51147, 50676
50458, 51163, 50693
50474, 51179, 50709
50491, 51195, 50726
50507, 51211, 50742
50523, 51227, 50758
50540, 51243, 50775
50556, 51259, 50791
50572, 51275, 50808
50588, 51291, 50824
50604, 51307, 50840
50621, 51324, 50857
50637, 51340, 50873
50653, 51356, 50889
50669, 51372, 50905
50685, 51388, 50922
50701, 51404, 50938
50717, 51420, 50954
50733, 51436, 50971
50749, 51452, 50987
50765, 51468, 51003
50781, 51484, 51019
50797, 51500, 51036
50813, 51516, 51052
50828, 51532, 51068
50844, 51548, 51085
50860, 51564, 51101
50876, 51580, 51117
50892, 51596, 51134
50908, 51612, 51150
50924, 51628, 51166
50940, 51644, 51182
50955, 51660, 51199
50971, 51677, 51215
50987, 51693, 51231
51003, 51709, 51248
51019, 51725, 51264
51035, 51741, 51280
51050, 51757, 51296
51066, 51773, 51313
51082, 51789, 51329
51098, 51805, 51345
51114, 51821, 51362
51129, 51837, 51378
51145, 51853, 51394
51161, 51869, 51410
51177, 51885, 51427
51193, 51901, 51443
51209, 51917, 51459
51224, 51933, 51476
51240, 51949, 51492
51256, 51965, 51508
51272, 51981, 51524
51288, 51997, 51541
51304, 52014, 51557
51320, 52030, 51573
51336, 52046, 51590
51351, 52062, 51606
51367, 52078, 51622
51383, 52094, 51639
51399, 52110, 51655
51415, 52126, 51671
51431, 52142, 51687
51447, 52158, 51704
51463, 52174, 51720
51479, 52190, 51736
51495, 52206, 51753
51511, 52222, 51769
51527, 52238, 51785
51543, 52254, 51802
51560, 52270, 51818
51576, 52286, 51834
51592, 52302, 51851
51608, 52318, 51867
51624, 52334, 51883
51641, 52351, 51900
51657, 52367, 51916
51673, 52383, 51932
51689, 52399, 51948
51705, 52415, 51965
51722, 52431, 51981
51738, 52447, 51997
51754, 52463, 52014
51770, 52479, 52030
51787, 52495, 52046
51803, 52511, 52063
51819, 52527, 52079
51835, 52543, 52095
51852, 52559, 52112
51868, 52575, 52128
51884, 52591, 52144
51900, 52607, 52161
51917, 52623, 52177
51933, 52639, 52193
51949, 52655, 52210
51965, 52671, 52226
51982, 52687, 52242
51998, 52703, 52259
52014, 52719, 52275
52030, 52735, 52291
52047, 52752, 52308
52063, 52768, 52324
52079, 52784, 52340
52095, 52800, 52357
52112, 52816, 52373
52128, 52832, 52389
52144, 52848, 52406
52160, 52864, 52422
52177, 52880, 52438
52193, 52896, 52455
52209, 52912, 52471
52225, 52928, 52487
52242, 52944, 52504
52258, 52960, 52520
52274, 52976, 52536
52290, 52992, 52552
52307, 53008, 52569
52323, 53024, 52585
52339, 53040, 52601
52355, 53056, 52618
52372, 53072, 52634
52388, 53088, 52650
52404, 53104, 52667
52420, 53120, 52683
52437, 53136, 52699
52453, 53152, 52716
52469, 53168, 52732
52485, 53184, 52748
52502, 53200, 52765
52518, 53216, 52781
52534, 53232, 52797
52550, 53248, 52814
52567, 53264, 52830
52583, 53280, 52846
52599, 53296, 52863
52615, 53312, 52879
52632, 53328, 52895
52648, 53344, 52912
52664, 53360, 52928
52681, 53377, 52945
52697, 53393, 52961
52713, 53409, 52977
52729, 53425, 52994
52746, 53441, 53010
52762, 53457, 53026
52778, 53473, 53043
52794, 53489, 53059
52811, 53505, 53075
52827, 53521, 53092
52843, 53537, 53108
52859, 53553, 53124
52876, 53569, 53141
52892, 53585, 53157
52908, 53601, 53173
52924, 53617, 53190
52941, 53633, 53206
52957, 53649, 53222
52973, 53665, 53239
52990, 53681, 53255
53006, 53697, 53271
53022, 53713, 53288
53038, 53729, 53304
53055, 53745, 53320
53071, 53761, 53337
53087, 53777, 53353
53103, 53793, 53369
53120, 53809, 53386
53136, 53825, 53402
53152, 53841, 53418
53168, 53857, 53435
53185, 53873, 53451
53201, 53889, 53467
53217, 53905, 53484
53234, 53921, 53500
53250, 53937, 53516
53266, 53953, 53533
53282, 53969, 53549
53299, 53985, 53565
53315, 54001, 53582
53331, 54017, 53598
53347, 54033, 53615
53364, 54049, 53631
53380, 54065, 53647
53396, 54081, 53664
53412, 54097, 53680
53429, 54113, 53696
53445, 54129, 53713
53461, 54145, 53729
53478, 54161, 53745
53494, 54177, 53762
53510, 54193, 53778
53526, 54209, 53794
53543, 54225, 53811
53559, 54241, 53827
53575, 54257, 53843
53591, 54273, 53860
53608, 54289, 53876
53624, 54305, 53892
53640, 54321, 53909
53656, 54337, 53925
53673, 54353, 53941
53689, 54369, 53958
53705, 54385, 53974
53722, 54401, 53991
53738, 54416, 54007
53754, 54432, 54023
53770, 54448, 54040
53787, 54464, 54056
53803, 54480, 54072
53819, 54496, 54089
53835, 54512, 54105
53852, 54528, 54121
53868, 54544, 54138
53884, 54560, 54154
53900, 54576, 54170
53917, 54592, 54187
53933, 54608, 54203
53949, 54624, 54219
53965, 54640, 54236
53982, 54656, 54252
53998, 54672, 54269
54014, 54688, 54285
54031, 54704, 54301
54047, 54720, 54318
54063, 54736, 54334
54079, 54752, 54350
54096, 54768, 54367
54112, 54784, 54383
54128, 54800, 54399
54144, 54816, 54416
54161, 54832, 54432
54177, 54848, 54449
54193, 54864, 54465
54209, 54880, 54481
54226, 54896, 54498
54242, 54912, 54514
54258, 54928, 54530
54275, 54944, 54547
54291, 54960, 54563
54307, 54976, 54580
54323, 54992, 54596
54340, 55008, 54612
54356, 55024, 54629
54372, 55040, 54645
54388, 55056, 54661
54405, 55072, 54678
54421, 55088, 54694
54437, 55104, 54710
54453, 55120, 54727
54470, 55136, 54743
54486, 55152, 54759
54502, 55168, 54776
54519, 55184, 54792
54535, 55200, 54809
54551, 55216, 54825
54567, 55232, 54841
54584, 55248, 54858
54600, 55264, 54874
54616, 55280, 54890
54632, 55296, 54907
54649, 55312, 54923
54665, 55328, 54939
54681, 55344, 54956
54697, 55360, 54972
54714, 55376, 54988
54730, 55392, 55005
54746, 55408, 55021
54763, 55424, 55038
54779, 55439, 55054
54795, 55455, 55070
54811, 55471, 55087
54828, 55487, 55103
54844, 55503, 55119
54860, 55519, 55136
54876, 55535, 55152
54893, 55551, 55168
54909, 55567, 55185
54925, 55583, 55201
54941, 55599, 55217
54957, 55615, 55234
54974, 55631, 55250
54990, 55647, 55266
55006, 55663, 55283
55022, 55679, 55299
55039, 55695, 55315
55055, 55711, 55332
55071, 55727, 55348
55087, 55743, 55364
55103, 55759, 55381
55120, 55775, 55397
55136, 55791, 55413
55152, 55807, 55430
55168, 55823, 55446
55184, 55839, 55462
55201, 55855, 55479
55217, 55871, 55495
55233, 55887, 55511
55249, 55903, 55528
55265, 55919, 55544
55281, 55935, 55560
55298, 55951, 55577
55314, 55967, 55593
55330, 55983, 55609
55346, 55999, 55625
55362, 56015, 55642
55378, 56031, 55658
55395, 56046, 55674
55411, 56062, 55691
55427, 56078, 55707
55443, 56094, 55723
55459, 56110, 55740
55475, 56126, 55756
55492, 56142, 55772
55508, 56158, 55789
55524, 56174, 55805
55540, 56190, 55821
55556, 56206, 55838
55572, 56222, 55854
55589, 56238, 55870
55605, 56254, 55887
55621, 56270, 55903
55637, 56286, 55919
55653, 56302, 55936
55669, 56318, 55952
55685, 56334, 55968
55702, 56350, 55985
55718, 56366, 56001
55734, 56382, 56017
55750, 56398, 56034
55766, 56414, 56050
55782, 56430, 56066
55799, 56446, 56083
55815, 56461, 56099
55831, 56477, 56115
55847, 56493, 56131
55863, 56509, 56148
55879, 56525, 56164
55895, 56541, 56180
55911, 56557, 56197
55928, 56573, 56213
55944, 56589, 56229
55960, 56605, 56246
55976, 56621, 56262
55992, 56637, 56278
56008, 56653, 56295
56024, 56669, 56311
56040, 56685, 56327
56056, 56701, 56344
56072, 56717, 56360
56089, 56733, 56376
56105, 56749, 56393
56121, 56765, 56409
56137, 56781, 56425
56153, 56796, 56441
56169, 56812, 56458
56185, 56828, 56474
56201, 56844, 56490
56217, 56860, 56507
56233, 56876, 56523
56249, 56892, 56539
56265, 56908, 56556
56281, 56924, 56572
56298, 56940, 56588
56314, 56956, 56605
56330, 56972, 56621
56346, 56988, 56637
56362, 57004, 56654
56378, 57020, 56670
56394, 57036, 56686
56410, 57052, 56702
56426, 57068, 56719
56442, 57084, 56735
56458, 57100, 56751
56474, 57116, 56768
56490, 57131, 56784
56506, 57147, 56800
56522, 57163, 56817
56538, 57179, 56833
56554, 57195, 56849
56571, 57211, 56866
56587, 57227, 56882
56603, 57243, 56898
56619, 57259, 56914
56635, 57275, 56931
56651, 57291, 56947
56667, 57307, 56963
56683, 57323, 56980
56699, 57339, 56996
56715, 57355, 57012
56731, 57371, 57029
56747, 57387, 57045
56763, 57403, 57061
56779, 57419, 57078
56795, 57435, 57094
56811, 57451, 57110
56828, 57467, 57127
56844, 57482, 57143
56860, 57498, 57159
56876, 57514, 57175
56892, 57530, 57192
56908, 57546, 57208
56924, 57562, 57224
56940, 57578, 57241
56956, 57594, 57257
56972, 57610, 57273
56988, 57626, 57289
57004, 57642, 57306
57020, 57658, 57322
57036, 57674, 57338
57052, 57690, 57355
57068, 57706, 57371
57084, 57722, 57387
57100, 57738, 57403
57116, 57754, 57420
57132, 57770, 57436
57148, 57786, 57452
57164, 57802, 57469
57180, 57817, 57485
57196, 57833, 57501
57212, 57849, 57517
57228, 57865, 57534
57244, 57881, 57550
57260, 57897, 57566
57276, 57913, 57582
57292, 57929, 57599
57308, 57945, 57615
57324, 57961, 57631
57340, 57977, 57647
57356, 57993, 57664
57371, 58009, 57680
57387, 58025, 57696
57403, 58041, 57712
57419, 58057, 57729
57435, 58073, 57745
57451, 58089, 57761
57467, 58105, 57777
57483, 58121, 57794
57499, 58137, 57810
57515, 58152, 57826
57531, 58168, 57842
57546, 58184, 57859
57562, 58200, 57875
57578, 58216, 57891
57594, 58232, 57907
57610, 58248, 57924
57626, 58264, 57940
57642, 58280, 57956
57658, 58296, 57972
57673, 58312, 57989
57689, 58328, 58005
57705, 58344, 58021
57721, 58360, 58037
57737, 58376, 58054
57753, 58392, 58070
57768, 58408, 58086
57784, 58424, 58102
57800, 58440, 58119
57816, 58456, 58135
57832, 58472, 58151
57848, 58488, 58168
57863, 58503, 58184
57879, 58519, 58200
57894, 58535, 58216
57909, 58551, 58233
57923, 58566, 58249
57938, 58582, 58265
57952, 58597, 58281
57966, 58612, 58298
57980, 58627, 58314
57994, 58643, 58330
58007, 58658, 58347
58021, 58673, 58363
58034, 58688, 58379
58047, 58703, 58395
58060, 58718, 58412
58073, 58732, 58428
58085, 58747, 58444
58098, 58762, 58460
58110, 58777, 58477
58122, 58791, 58493
58134, 58806, 58509
58146, 58820, 58525
58158, 58835, 58542
58170, 58849, 58558
58182, 58864, 58574
58194, 58878, 58590
58206, 58893, 58606
58217, 58907, 58623
58229, 58922, 58639
58241, 58936, 58655
58252, 58951, 58671
58264, 58965, 58687
58276, 58980, 58703
58287, 58994, 58719
58299, 59009, 58736
58310, 59023, 58752
58322, 59038, 58768
58334, 59052, 58784
58346, 59067, 58800
58357, 59081, 58816
58369, 59096, 58832
58381, 59111, 58848
58393, 59125, 58864
58406, 59140, 58880
58418, 59155, 58895
58430, 59170, 58911
58443, 59185, 58927
58455, 59200, 58943
58468, 59215, 58959
58481, 59230, 58975
58494, 59245, 58990
58507, 59260, 59006
58520, 59275, 59022
58534, 59290, 59037
58547, 59306, 59053
58561, 59321, 59069
58575, 59337, 59084
58589, 59353, 59100
58604, 59368, 59115
58618, 59384, 59131
58633, 59400, 59146
58649, 59416, 59162
58664, 59432, 59177
58680, 59449, 59193
58695, 59465, 59208
58711, 59481, 59223
58727, 59498, 59238
58743, 59514, 59254
58759, 59530, 59269
58774, 59547, 59284
58790, 59563, 59299
58806, 59580, 59315
58822, 59596, 59330
58838, 59613, 59345
58854, 59630, 59360
58870, 59646, 59375
58886, 59663, 59391
58902, 59680, 59406
58918, 59697, 59421
58934, 59713, 59436
58950, 59730, 59451
58966, 59747, 59466
58982, 59764, 59481
58998, 59781, 59496
59015, 59798, 59511
59031, 59814, 59526
59047, 59831, 59541
59063, 59848, 59556
59079, 59865, 59571
59095, 59882, 59586
59111, 59899, 59601
59127, 59916, 59616
59144, 59933, 59631
59160, 59951, 59646
59176, 59968, 59661
59192, 59985, 59676
59208, 60002, 59691
59224, 60019, 59706
59241, 60036, 59721
59257, 60053, 59736
59273, 60070, 59751
59289, 60088, 59766
59305, 60105, 59781
59321, 60122, 59796
59337, 60139, 59810
59353, 60157, 59825
59370, 60174, 59840
59386, 60191, 59855
59402, 60208, 59870
59418, 60226, 59885
59434, 60243, 59900
59450, 60260, 59915
59466, 60278, 59930
59482, 60295, 59945
59498, 60312, 59959
59514, 60330, 59974
59530, 60347, 59989
59546, 60364, 60004
59562, 60381, 60019
59578, 60399, 60034
59594, 60416, 60049
59610, 60434, 60064
59625, 60451, 60079
59641, 60468, 60094
59657, 60486, 60109
59673, 60503, 60124
59689, 60520, 60139
59705, 60538, 60154
59720, 60555, 60168
59736, 60572, 60183
59752, 60590, 60198
59767, 60607, 60213
59783, 60625, 60228
59799, 60642, 60243
59815, 60660, 60258
59830, 60678, 60273
59846, 60695, 60288
59862, 60713, 60302
59878, 60731, 60317
59893, 60748, 60332
59909, 60766, 60347
59925, 60784, 60362
59940, 60802, 60376
59956, 60820, 60391
59972, 60837, 60406
59987, 60855, 60421
60003, 60873, 60435
60019, 60891, 60450
60035, 60909, 60465
60050, 60927, 60480
60066, 60945, 60494
60082, 60963, 60509
60097, 60981, 60524
60113, 60999, 60539
60129, 61017, 60553
60145, 61035, 60568
60160, 61052, 60583
60176, 61070, 60598
60192, 61088, 60612
60207, 61106, 60627
60223, 61124, 60642
60239, 61142, 60657
60254, 61160, 60672
60270, 61178, 60686
60286, 61195, 60701
60302, 61213, 60716
60317, 61231, 60731
60333, 61249, 60746
60349, 61266, 60760
60365, 61284, 60775
60380, 61302, 60790
60396, 61319, 60805
60412, 61337, 60820
60427, 61354, 60835
60443, 61372, 60850
60459, 61389, 60865
60475, 61406, 60880
60490, 61424, 60895
60506, 61441, 60910
60522, 61458, 60925
60538, 61476, 60940
60554, 61493, 60955
60569, 61510, 60970
60585, 61527, 60985
60601, 61544, 61000
60617, 61561, 61015
60632, 61577, 61030
60648, 61594, 61045
60664, 61611, 61061
60680, 61627, 61076
60696, 61644, 61091
60712, 61661, 61107
60727, 61677, 61122
60743, 61693, 61137
60759, 61710, 61153
60775, 61726, 61168
60791, 61742, 61184
60806, 61759, 61199
60822, 61775, 61215
60838, 61791, 61230
60854, 61808, 61246
60870, 61824, 61262
60886, 61840, 61277
60901, 61856, 61293
60917, 61873, 61309
60933, 61889, 61324
60949, 61905, 61340
60965, 61921, 61356
60980, 61937, 61372
60996, 61953, 61388
61012, 61969, 61404
61028, 61986, 61420
61044, 62002, 61436
61060, 62018, 61452
61075, 62034, 61468
61091, 62050, 61484
61107, 62066, 61500
61123, 62082, 61516
61139, 62098, 61532
61155, 62114, 61548
61170, 62130, 61564
61186, 62146, 61580
61202, 62162, 61597
61218, 62178, 61613
61234, 62194, 61629
61250, 62210, 61645
61265, 62226, 61661
61281, 62243, 61678
61297, 62259, 61694
61313, 62275, 61710
61329, 62291, 61726
61344, 62307, 61743
61360, 62323, 61759
61376, 62339, 61775
61392, 62355, 61792
61408, 62371, 61808
61424, 62387, 61824
61439, 62403, 61840
61455, 62419, 61857
61471, 62435, 61873
61487, 62451, 61889
61503, 62467, 61906
61519, 62483, 61922
61534, 62499, 61938
61550, 62515, 61955
61566, 62532, 61971
61582, 62548, 61987
61598, 62564, 62003
61614, 62580, 62020
61629, 62596, 62036
61645, 62612, 62052
61661, 62629, 62069
61677, 62645, 62085
61693, 62661, 62101
61709, 62677, 62117
61725, 62694, 62134
61740, 62710, 62150
61756, 62726, 62166
61772, 62742, 62182
61788, 62759, 62198
61804, 62775, 62215
61820, 62791, 62231
61835, 62807, 62247
61851, 62824, 62263
61867, 62840, 62280
61883, 62856, 62296
61899, 62872, 62312
61915, 62889, 62328
61930, 62905, 62345
61946, 62921, 62361
61962, 62938, 62377
61978, 62954, 62393
61994, 62970, 62410
62010, 62986, 62426
62025, 63003, 62442
62041, 63019, 62458
62057, 63035, 62475
62073, 63052, 62491
62089, 63068, 62507
62105, 63084, 62524
62121, 63100, 62540
62136, 63117, 62556
62152, 63133, 62572
62168, 63149, 62589
62184, 63166, 62605
62200, 63182, 62621
62216, 63198, 62637
62231, 63214, 62654
62247, 63231, 62670
62263, 63247, 62686
62279, 63263, 62703
62295, 63280, 62719
62311, 63296, 62735
62327, 63312, 62751
62342, 63328, 62768
62358, 63345, 62784
62374, 63361, 62800
62390, 63377, 62817
62406, 63394, 62833
62422, 63410, 62849
62437, 63426, 62865
62453, 63442, 62882
62469, 63459, 62898
62485, 63475, 62914
62501, 63491, 62931
62517, 63508, 62947
62533, 63524, 62963
62548, 63540, 62979
62564, 63556, 62996
62580, 63573, 63012
62596, 63589, 63028
62612, 63605, 63044
62628, 63622, 63061
62643, 63638, 63077
62659, 63654, 63093
62675, 63670, 63109
62691, 63687, 63126
62707, 63703, 63142
62723, 63719, 63158
62739, 63736, 63175
62754, 63752, 63191
62770, 63768, 63207
62787, 63785, 63224
62803, 63801, 63240
62819, 63818, 63257
62835, 63835, 63274
62852, 63852, 63290
62868, 63869, 63307
62885, 63886, 63324
62902, 63903, 63341
62919, 63920, 63358
62935, 63937, 63375
62952, 63954, 63392
62969, 63971, 63409
62986, 63989, 63426
63003, 64006, 63444
63020, 64023, 63461
63037, 64041, 63478
63054, 64058, 63495
63071, 64075, 63512
63088, 64093, 63530
63105, 64110, 63547
63122, 64127, 63564
63139, 64144, 63581
63157, 64162, 63598
63174, 64179, 63615
63191, 64196, 63632
63207, 64213, 63649
63224, 64231, 63666
63241, 64248, 63683
63258, 64265, 63700
63275, 64282, 63717
63292, 64299, 63734
63308, 64316, 63750
63325, 64332, 63767
63341, 64349, 63784
63358, 64366, 63800
63374, 64382, 63816
63390, 64399, 63833
63406, 64415, 63849
63423, 64431, 63865
63438, 64447, 63881
63454, 64463, 63897
63470, 64479, 63912
63486, 64495, 63928
63501, 64511, 63943
63516, 64526, 63959
63531, 64542, 63974
63546, 64557, 63989
63561, 64572, 64004
63576, 64587, 64019
63591, 64601, 64033
63605, 64616, 64047
63619, 64630, 64062
63633, 64645, 64076
63647, 64659, 64090
63661, 64672, 64103
63674, 64686, 64117
63687, 64700, 64130
63700, 64713, 64143
63713, 64726, 64156
63726, 64739, 64169
63738, 64751, 64181
63751, 64764, 64194
63763, 64776, 64206
63775, 64788, 64218
63787, 64800, 64230
63799, 64812, 64242
63811, 64825, 64254
63823, 64837, 64266
63835, 64849, 64278
63847, 64861, 64291
63859, 64874, 64303
63871, 64886, 64315
63883, 64898, 64327
63895, 64910, 64339
63907, 64923, 64351
63919, 64935, 64363
63931, 64947, 64375
63943, 64959, 64388
63955, 64972, 64400
63967, 64984, 64412
63979, 64996, 64424
63991, 65008, 64436
64004, 65021, 64448
64016, 65033, 64460
64028, 65045, 64472
64040, 65057, 64485
64052, 65069, 64497
64064, 65082, 64509
64076, 65094, 64521
64088, 65106, 64533
64100, 65118, 64545
64112, 65131, 64557
64124, 65143, 64569
64136, 65155, 64582
64148, 65167, 64594
64160, 65180, 64606
64172, 65192, 64618
64184, 65204, 64630
64196, 65216, 64642
64208, 65229, 64654
64220, 65241, 64666
64232, 65253, 64679
64244, 65265, 64691
64257, 65278, 64703
64269, 65290, 64715
64281, 65302, 64727
64293, 65314, 64739
64305, 65326, 64751
64317, 65339, 64763
64329, 65351, 64776
64341, 65363, 64788
64353, 65375, 64800
64365, 65388, 64812
64377, 65400, 64824
64389, 65412, 64836
64401, 65424, 64848
64413, 65437, 64860
64425, 65449, 64873
64437, 65461, 64885
64449, 65473, 64897
64461, 65486, 64909
64473, 65498, 64921
64485, 65510, 64933
64497, 65522, 64945
64510, 65535, 64958
